x1,y1,z1,x2,y2,z2
29.23163275,-6.419672915,-0.5415599096,[Horizons] MAJOR BODY #C(500@10)_T(8) (1/1),BIG,0
16.2641707,11.32733036,-0.1685783628,[Horizons] MAJOR BODY #C(500@10)_T(7) (1/1),BIG,0
-1.447205475,-0.699885587,0.02084238043,[Horizons] MAJOR BODY #C(500@10)_T(4) (1/1),BIG,0
0.3997887563,-5.218451215,0.01273027483,[Horizons] MAJOR BODY #C(500@10)_T(5) (1/1),BIG,0
3.714404184,-9.323341227,0.0142419362,[Horizons] MAJOR BODY #C(500@10)_T(6) (1/1),BIG,0
0.1297732019,0.9756981963,-0.00004508600007,[Horizons] MAJOR BODY #C(500@10)_T(3) (1/1),BIG,0
-1.160039506,2.23638721,-0.1715516246,[Horizons] SMALL BODY #C(500@10)_T(799 Gudula (A915 EA)) (1/1),SMALL,0
-0.3622286802,-0.2406552833,0.01356415533,[Horizons] MAJOR BODY #C(500@10)_T(199) (1/1),BIG,0
0.669481274,-0.2820593304,-0.04250408579,[Horizons] MAJOR BODY #C(500@10)_T(299) (1/1),BIG,0
-0.05391252833,-1.834231533,-0.1145009847,[Horizons] SMALL BODY #C(500@10)_T(800 Kressmannia (A915 FG)) (1/1),SMALL,0
-1.483716978,-2.409747008,-0.3038929693,[Horizons] SMALL BODY #C(500@10)_T(793 Arizona (A907 GZ)) (1/1),SMALL,0
2.266246487,-1.059016112,-0.312391168,[Horizons] SMALL BODY #C(500@10)_T(791 Ani (A914 MB)) (1/1),SMALL,0
2.85342345,1.009729519,0.03846191559,[Horizons] SMALL BODY #C(500@10)_T(795 Fini (A914 SF)) (1/1),SMALL,0
0.8993498273,-2.003113241,0.1503900577,[Horizons] SMALL BODY #C(500@10)_T(794 Irenaea (A914 QB)) (1/1),SMALL,0
1.913111027,1.886488794,0.05032895275,[Horizons] SMALL BODY #C(500@10)_T(797 Montana (A914 WG)) (1/1),SMALL,0
-0.09541052326,-2.701212669,0.6905759866,[Horizons] SMALL BODY #C(500@10)_T(788 Hohensteina (A914 HE)) (1/1),SMALL,0
-2.929764595,-1.575406726,0.09851119274,[Horizons] SMALL BODY #C(500@10)_T(796 Sarita (A914 UF)) (1/1),SMALL,0
-0.1974426316,3.081861328,-0.4323232663,[Horizons] SMALL BODY #C(500@10)_T(798 Ruth (A914 WH)) (1/1),SMALL,0
2.787333848,0.08128536322,0.420173139,[Horizons] SMALL BODY #C(500@10)_T(792 Metcalfia (A907 FC)) (1/1),SMALL,0
-0.7573048366,-2.185427516,0.1380014853,[Horizons] SMALL BODY #C(500@10)_T(789 Lena (A914 MA)) (1/1),SMALL,0
-3.13260774,-0.8277897591,-1.020487666,[Horizons] SMALL BODY #C(500@10)_T(790 Pretoria (A912 BE)) (1/1),SMALL,0
-0.49751069,-2.183310218,0.568621368,[Horizons] SMALL BODY #C(500@10)_T(787 Moskva (A914 HC)) (1/1),SMALL,0
0.1345567483,3.492942418,-0.03115491441,[Horizons] SMALL BODY #C(500@10)_T(786 Bredichina (A914 HD)) (1/1),SMALL,0
1.468353133,1.944256866,-0.4007172063,[Horizons] SMALL BODY #C(500@10)_T(783 Nora (A914 FB)) (1/1),SMALL,0
-1.365316359,3.08590707,0.08058636011,[Horizons] SMALL BODY #C(500@10)_T(767 Bondia (A913 SD)) (1/1),SMALL,0
-1.29517919,1.657624624,0.1428875918,[Horizons] SMALL BODY #C(500@10)_T(782 Montefiore (A914 FA)) (1/1),SMALL,0
-3.053748868,-0.6498364458,0.8766075953,[Horizons] SMALL BODY #C(500@10)_T(781 Kartvelia (A914 BK)) (1/1),SMALL,0
2.354798122,1.949710878,-0.3697359322,[Horizons] SMALL BODY #C(500@10)_T(785 Zwetana (A914 FD)) (1/1),SMALL,0
2.89747683,-0.6032871731,-0.2893464112,[Horizons] SMALL BODY #C(500@10)_T(784 Pickeringia (A914 FC)) (1/1),SMALL,0
3.50198983,-0.04364327992,0.6255968209,[Horizons] SMALL BODY #C(500@10)_T(756 Lilliana (A908 HD)) (1/1),SMALL,0
0.02747575589,-3.234539668,0.6818031132,[Horizons] SMALL BODY #C(500@10)_T(771 Libera (A913 WB)) (1/1),SMALL,0
-3.049271341,-1.14050542,0.930389067,[Horizons] SMALL BODY #C(500@10)_T(780 Armenia (A914 BJ)) (1/1),SMALL,0
-2.85448718,1.09225506,0.98966974,[Horizons] SMALL BODY #C(500@10)_T(776 Berbericia (A914 BE)) (1/1),SMALL,0
2.557540628,-2.719475154,-0.12660875,[Horizons] SMALL BODY #C(500@10)_T(778 Theobalda (A914 BG)) (1/1),SMALL,0
-2.343116525,-1.49165767,-0.6842776558,[Horizons] SMALL BODY #C(500@10)_T(779 Nina (A914 BH)) (1/1),SMALL,0
-1.047966293,-2.817180791,-0.3830175574,[Horizons] SMALL BODY #C(500@10)_T(777 Gutemberga (A914 BF)) (1/1),SMALL,0
-2.3299906,-1.967871082,-0.4871907319,[Horizons] SMALL BODY #C(500@10)_T(775 Lumiere (A914 AA)) (1/1),SMALL,0
1.668035936,2.286118383,0.8468643679,[Horizons] SMALL BODY #C(500@10)_T(773 Irmintraud (A913 YF)) (1/1),SMALL,0
0.5869133041,1.793473118,0.06609977865,[Horizons] SMALL BODY #C(500@10)_T(770 Bali (A913 UG)) (1/1),SMALL,0
3.116941155,-1.447439847,0.3944088689,[Horizons] SMALL BODY #C(500@10)_T(762 Pulcova (A913 RD)) (1/1),SMALL,0
2.347466081,2.290435513,0.139218336,[Horizons] SMALL BODY #C(500@10)_T(774 Armor (A913 YE)) (1/1),SMALL,0
-0.8088542922,-2.657270577,-0.2456922217,[Horizons] SMALL BODY #C(500@10)_T(772 Tanete (A913 YD)) (1/1),SMALL,0
-0.9870835192,2.539899337,0.4715440841,[Horizons] SMALL BODY #C(500@10)_T(766 Moguntia (A913 SH)) (1/1),SMALL,0
1.534674997,1.930412703,0.1571421415,[Horizons] SMALL BODY #C(500@10)_T(768 Struveana (A913 TC)) (1/1),SMALL,0
-2.254880943,-1.826534862,-0.003455169701,[Horizons] SMALL BODY #C(500@10)_T(769 Tatjana (A913 TD)) (1/1),SMALL,0
-0.3765721463,-3.439894912,0.0510676835,[Horizons] SMALL BODY #C(500@10)_T(764 Gedania (A913 SF)) (1/1),SMALL,0
-1.394637987,-2.082795427,-0.1440495068,[Horizons] SMALL BODY #C(500@10)_T(763 Cupido (A913 SE)) (1/1),SMALL,0
0.1778192217,1.940169266,0.1659210994,[Horizons] SMALL BODY #C(500@10)_T(765 Mattiaca (A913 SG)) (1/1),SMALL,0
-3.375687899,-0.5772619841,0.3342797179,[Horizons] SMALL BODY #C(500@10)_T(758 Mancunia (A912 KB)) (1/1),SMALL,0
-2.46049675,-0.1762199284,0.1118337617,[Horizons] SMALL BODY #C(500@10)_T(757 Portlandia (A908 TG)) (1/1),SMALL,0
2.281137718,-1.410647621,-0.08315964849,[Horizons] SMALL BODY #C(500@10)_T(761 Brendelia (A913 RE)) (1/1),SMALL,0
2.07543505,0.6251886475,0.6685703088,[Horizons] SMALL BODY #C(500@10)_T(759 Vinifera (A913 QC)) (1/1),SMALL,0
3.318317106,-1.854250231,-0.01096112076,[Horizons] SMALL BODY #C(500@10)_T(760 Massinga (A913 QD)) (1/1),SMALL,0
2.469744971,-1.744953514,0.7953281975,[Horizons] SMALL BODY #C(500@10)_T(754 Malabar (A906 QH)) (1/1),SMALL,0
-1.138911403,3.068777711,-0.169800412,[Horizons] SMALL BODY #C(500@10)_T(755 Quintilla (A908 GC)) (1/1),SMALL,0
-1.558352533,-1.133114331,0.1466652576,[Horizons] SMALL BODY #C(500@10)_T(753 Tiflis (A913 HH)) (1/1),SMALL,0
2.52962812,-0.1301088639,-0.06791662203,[Horizons] SMALL BODY #C(500@10)_T(746 Marlu (A913 EJ)) (1/1),SMALL,0
3.633218776,0.3785760713,0.1416729782,[Horizons] SMALL BODY #C(500@10)_T(748 Simeisa (A913 EL)) (1/1),SMALL,0
-2.184208174,-0.09834493616,0.1391299085,[Horizons] SMALL BODY #C(500@10)_T(750 Oskar (A913 HF)) (1/1),SMALL,0
1.397126054,1.884281289,-0.1286419432,[Horizons] SMALL BODY #C(500@10)_T(752 Sulamitis (A913 HG)) (1/1),SMALL,0
-0.5953004038,2.938038794,-0.2673917053,[Horizons] SMALL BODY #C(500@10)_T(744 Aguntina (A913 DE)) (1/1),SMALL,0
-0.5735148273,2.414963966,-0.02611833734,[Horizons] SMALL BODY #C(500@10)_T(749 Malzovia (A913 GD)) (1/1),SMALL,0
-0.5451405373,-2.661002452,0.00575445316,[Horizons] SMALL BODY #C(500@10)_T(751 Faina (A913 HE)) (1/1),SMALL,0
1.415160684,-2.613704909,0.1810746401,[Horizons] SMALL BODY #C(500@10)_T(747 Winchester (A913 EK)) (1/1),SMALL,0
-1.861884752,-2.552280154,0.7106675117,[Horizons] SMALL BODY #C(500@10)_T(745 Mauritia (A913 EH)) (1/1),SMALL,0
-0.9075863153,2.524257336,-0.1980473944,[Horizons] SMALL BODY #C(500@10)_T(743 Eugenisis (A913 DD)) (1/1),SMALL,0
0.1501322017,-2.86476955,-0.273822533,[Horizons] SMALL BODY #C(500@10)_T(742 Edisona (A913 DC)) (1/1),SMALL,0
3.009246102,0.1989617728,-0.8348051382,[Horizons] SMALL BODY #C(500@10)_T(739 Mandeville (A913 CH)) (1/1),SMALL,0
1.097292794,-1.520560946,0.02514236855,[Horizons] SMALL BODY #C(500@10)_T(736 Harvard (A912 WC)) (1/1),SMALL,0
0.6994907228,2.60117012,-0.1731503118,[Horizons] SMALL BODY #C(500@10)_T(741 Botolphia (A913 CJ)) (1/1),SMALL,0
-2.814253281,-0.5776624526,0.1529128347,[Horizons] SMALL BODY #C(500@10)_T(738 Alagasta (A913 AF)) (1/1),SMALL,0
-2.601502484,0.6803091199,0.3904163922,[Horizons] SMALL BODY #C(500@10)_T(740 Cantabia (A913 CK)) (1/1),SMALL,0
-0.3218703368,2.829065746,0.2889537639,[Horizons] SMALL BODY #C(500@10)_T(734 Benda (A912 TF)) (1/1),SMALL,0
-0.7244396673,-2.060148647,0.4373077728,[Horizons] SMALL BODY #C(500@10)_T(737 Arequipa (A912 XC)) (1/1),SMALL,0
-0.1574727214,-2.331099734,-0.4846498734,[Horizons] SMALL BODY #C(500@10)_T(735 Marghanna (A912 XD)) (1/1),SMALL,0
-2.791041896,1.845292392,0.6211547882,[Horizons] SMALL BODY #C(500@10)_T(731 Sorga (A912 GH)) (1/1),SMALL,0
1.816848959,2.715744158,1.167770529,[Horizons] SMALL BODY #C(500@10)_T(733 Mocia (A912 SA)) (1/1),SMALL,0
0.1137081146,2.115129241,0.01176781514,[Horizons] SMALL BODY #C(500@10)_T(728 Leonisis (A912 DB)) (1/1),SMALL,0
2.80074207,-0.6303899453,-0.6379189326,[Horizons] SMALL BODY #C(500@10)_T(729 Watsonia (A912 CE)) (1/1),SMALL,0
-1.340842585,-1.264171093,0.1071759107,[Horizons] SMALL BODY #C(500@10)_T(730 Athanasia (A912 GG)) (1/1),SMALL,0
-2.331101227,-0.4598419421,0.1411966904,[Horizons] SMALL BODY #C(500@10)_T(732 Tjilaki (A912 HK)) (1/1),SMALL,0
-2.672611661,1.505497813,-0.8467064977,[Horizons] SMALL BODY #C(500@10)_T(726 Joella (A911 WC)) (1/1),SMALL,0
-2.564022999,-0.9044066559,0.6702723605,[Horizons] SMALL BODY #C(500@10)_T(727 Nipponia (A912 CF)) (1/1),SMALL,0
-1.695269614,1.889499019,0.1501297369,[Horizons] SMALL BODY #C(500@10)_T(725 Amanda (A911 UQ)) (1/1),SMALL,0
0.8557226819,-1.640613601,-0.1735735124,[Horizons] SMALL BODY #C(500@10)_T(722 Frieda (A911 UN)) (1/1),SMALL,0
2.864251392,-0.5335628748,-0.02774383736,[Horizons] SMALL BODY #C(500@10)_T(723 Hammonia (A911 UO)) (1/1),SMALL,0
-0.2486812041,1.913835018,-0.3829412147,[Horizons] SMALL BODY #C(500@10)_T(724 Hapag (A911 UP)) (1/1),SMALL,0
0.5008764954,3.207812752,0.3221290346,[Horizons] SMALL BODY #C(500@10)_T(721 Tabora (A911 UM)) (1/1),SMALL,0
-2.230753117,2.637882369,-0.5694594241,[Horizons] SMALL BODY #C(500@10)_T(719 Albert (A911 TB)) (1/1),SMALL,0
2.51430101,1.467811907,-0.01130313849,[Horizons] SMALL BODY #C(500@10)_T(720 Bohlinia (A911 UL)) (1/1),SMALL,0
-3.217461069,1.814574135,0.02383276897,[Horizons] SMALL BODY #C(500@10)_T(717 Wisibada (A911 QK)) (1/1),SMALL,0
1.2124657,3.268934108,0.2188790061,[Horizons] SMALL BODY #C(500@10)_T(718 Erida (A911 SA)) (1/1),SMALL,0
1.911188428,-2.233148841,0.5356986744,[Horizons] SMALL BODY #C(500@10)_T(713 Luscinia (A911 HG)) (1/1),SMALL,0
-0.01876886263,2.765847742,0.4752065443,[Horizons] SMALL BODY #C(500@10)_T(715 Transvaalia (A911 HH)) (1/1),SMALL,0
-2.442542639,-0.09812712917,-0.4868589706,[Horizons] SMALL BODY #C(500@10)_T(714 Ulula (A911 KG)) (1/1),SMALL,0
-2.504050967,-1.672795198,-0.2003281059,[Horizons] SMALL BODY #C(500@10)_T(712 Boliviana (A911 FF)) (1/1),SMALL,0
1.977762152,-2.089565373,0.09261531773,[Horizons] SMALL BODY #C(500@10)_T(716 Berkeley (A911 OC)) (1/1),SMALL,0
-0.3033373614,2.91634542,0.6399441123,[Horizons] SMALL BODY #C(500@10)_T(709 Fringilla (A911 CC)) (1/1),SMALL,0
2.449027857,2.541674423,-0.1076048053,[Horizons] SMALL BODY #C(500@10)_T(710 Gertrud (A911 DB)) (1/1),SMALL,0
1.720570646,0.910309167,0.1398333876,[Horizons] SMALL BODY #C(500@10)_T(707 Steina (A910 YA)) (1/1),SMALL,0
-0.8957261409,2.458776894,0.1448098105,[Horizons] SMALL BODY #C(500@10)_T(708 Raphaela (A911 CB)) (1/1),SMALL,0
1.908734883,0.9927202127,0.1162163988,[Horizons] SMALL BODY #C(500@10)_T(711 Marmulla (A911 EA)) (1/1),SMALL,0
-0.5888570476,-2.882789212,0.09363492595,[Horizons] SMALL BODY #C(500@10)_T(701 Oriola (A910 ND)) (1/1),SMALL,0
-0.8140122885,2.653638896,0.4425755198,[Horizons] SMALL BODY #C(500@10)_T(706 Hirundo (A910 TF)) (1/1),SMALL,0
-1.761520581,-0.9227508259,0.2212897513,[Horizons] SMALL BODY #C(500@10)_T(700 Auravictrix (A910 LD)) (1/1),SMALL,0
2.649022165,-1.290208263,-0.661650887,[Horizons] SMALL BODY #C(500@10)_T(705 Erminia (A910 TE)) (1/1),SMALL,0
-3.237921037,0.7605002779,-0.9505888593,[Horizons] SMALL BODY #C(500@10)_T(704 Interamnia (A910 TC)) (1/1),SMALL,0
1.58547875,1.003960428,0.001986610114,[Horizons] SMALL BODY #C(500@10)_T(703 Noemi (A910 TD)) (1/1),SMALL,0
3.030411762,0.317055207,-0.3535410534,[Horizons] SMALL BODY #C(500@10)_T(698 Ernestina (A910 ED)) (1/1),SMALL,0
2.872454609,0.8418109967,1.123222673,[Horizons] SMALL BODY #C(500@10)_T(702 Alauda (A910 OA)) (1/1),SMALL,0
-2.043226552,-1.651386928,-0.287782044,[Horizons] SMALL BODY #C(500@10)_T(699 Hela (A910 LC)) (1/1),SMALL,0
-3.220746021,-2.089098477,-0.8872956557,[Horizons] SMALL BODY #C(500@10)_T(696 Leonora (A910 AC)) (1/1),SMALL,0
0.6429422402,-2.458672856,-0.6865846411,[Horizons] SMALL BODY #C(500@10)_T(697 Galilea (A910 CL)) (1/1),SMALL,0
-1.846458298,2.069302842,-0.4038673698,[Horizons] SMALL BODY #C(500@10)_T(695 Bella (A909 VD)) (1/1),SMALL,0
1.583173668,-2.323812763,-0.5237390397,[Horizons] SMALL BODY #C(500@10)_T(693 Zerbinetta (A909 SD)) (1/1),SMALL,0
-1.848066573,2.530909255,-0.8659819255,[Horizons] SMALL BODY #C(500@10)_T(694 Ekard (A909 VC)) (1/1),SMALL,0
-0.840181457,2.741802936,0.2163615712,[Horizons] SMALL BODY #C(500@10)_T(691 Lehigh (A909 XB)) (1/1),SMALL,0
-0.6311384765,-3.17260263,0.06291753846,[Horizons] SMALL BODY #C(500@10)_T(690 Wratislavia (A909 UE)) (1/1),SMALL,0
-0.009564534556,2.785755503,0.6130286829,[Horizons] SMALL BODY #C(500@10)_T(692 Hippodamia (A901 VJ)) (1/1),SMALL,0
-1.328116114,2.141754998,-0.1832237035,[Horizons] SMALL BODY #C(500@10)_T(689 Zita (A909 RA)) (1/1),SMALL,0
1.513051502,-0.9732734447,0.1145871547,[Horizons] SMALL BODY #C(500@10)_T(685 Hermia (A909 PC)) (1/1),SMALL,0
0.7117352375,-2.201255099,0.3722226321,[Horizons] SMALL BODY #C(500@10)_T(688 Melanie (A909 QC)) (1/1),SMALL,0
-2.556966026,1.845583123,-0.8749202809,[Horizons] SMALL BODY #C(500@10)_T(686 Gersuind (A909 QA)) (1/1),SMALL,0
-3.168839224,-1.216935298,-0.6560712167,[Horizons] SMALL BODY #C(500@10)_T(687 Tinette (A909 QB)) (1/1),SMALL,0
2.380109471,-0.4253631733,0.05460040673,[Horizons] SMALL BODY #C(500@10)_T(684 Hildburg (A909 PB)) (1/1),SMALL,0
1.406003253,-1.457185708,-0.3421005078,[Horizons] SMALL BODY #C(500@10)_T(679 Pax (A909 BR)) (1/1),SMALL,0
1.589827901,-2.246326048,0.4872290748,[Horizons] SMALL BODY #C(500@10)_T(681 Gorgo (A909 JB)) (1/1),SMALL,0
-2.798300088,2.254502615,1.103215856,[Horizons] SMALL BODY #C(500@10)_T(680 Genoveva (A909 HF)) (1/1),SMALL,0
2.579432119,-1.747885663,0.9557402496,[Horizons] SMALL BODY #C(500@10)_T(683 Lanzia (A909 OA)) (1/1),SMALL,0
-1.592548324,2.604742246,-0.581520979,[Horizons] SMALL BODY #C(500@10)_T(682 Hagar (A909 MA)) (1/1),SMALL,0
-2.640756965,-0.9829358235,-0.06273978448,[Horizons] SMALL BODY #C(500@10)_T(673 Edda (A908 SG)) (1/1),SMALL,0
-1.96774017,1.377642359,0.5762339866,[Horizons] SMALL BODY #C(500@10)_T(674 Rachele (A908 UK)) (1/1),SMALL,0
1.799266808,2.453927508,0.2855153035,[Horizons] SMALL BODY #C(500@10)_T(677 Aaltje (A909 BP)) (1/1),SMALL,0
1.252100571,2.66222132,-0.6683406754,[Horizons] SMALL BODY #C(500@10)_T(676 Melitta (A909 BO)) (1/1),SMALL,0
1.123757406,1.891486864,0.1530791896,[Horizons] SMALL BODY #C(500@10)_T(675 Ludmilla (A908 QH)) (1/1),SMALL,0
0.5639166442,3.106484998,-0.6016263287,[Horizons] SMALL BODY #C(500@10)_T(669 Kypria (A908 QF)) (1/1),SMALL,0
1.191765278,1.617458498,0.1581522977,[Horizons] SMALL BODY #C(500@10)_T(678 Fredegundis (A909 BQ)) (1/1),SMALL,0
0.5487882851,2.716132035,0.5425269635,[Horizons] SMALL BODY #C(500@10)_T(672 Astarte (A908 SH)) (1/1),SMALL,0
-2.917673157,0.1376871808,0.5654118272,[Horizons] SMALL BODY #C(500@10)_T(667 Denise (A908 OF)) (1/1),SMALL,0
-2.54816253,2.616377019,-0.3290626638,[Horizons] SMALL BODY #C(500@10)_T(664 Judith (A908 MC)) (1/1),SMALL,0
-2.159162103,-2.319386598,0.3319603737,[Horizons] SMALL BODY #C(500@10)_T(670 Ottegebe (A908 QG)) (1/1),SMALL,0
-2.033221052,-1.922338408,0.05220546545,[Horizons] SMALL BODY #C(500@10)_T(668 Dora (A908 OH)) (1/1),SMALL,0
-2.516148854,-1.973483303,0.02006707227,[Horizons] SMALL BODY #C(500@10)_T(666 Desdemona (A908 OG)) (1/1),SMALL,0
-3.012959356,0.4370657266,0.06534604094,[Horizons] SMALL BODY #C(500@10)_T(671 Carnegia (A908 SJ)) (1/1),SMALL,0
-0.02368170481,-2.588353374,-0.3296276903,[Horizons] SMALL BODY #C(500@10)_T(665 Sabine (A908 OE)) (1/1),SMALL,0
-2.948855325,-0.4588450811,-0.02406555824,[Horizons] SMALL BODY #C(500@10)_T(658 Asteria (A908 BL)) (1/1),SMALL,0
2.156995427,1.054340855,-0.1648021146,[Horizons] SMALL BODY #C(500@10)_T(662 Newtonia (A908 FF)) (1/1),SMALL,0
0.5853428783,-2.988169124,-0.4032611065,[Horizons] SMALL BODY #C(500@10)_T(661 Cloelia (A908 DD)) (1/1),SMALL,0
2.084546143,1.622324117,-0.6273715552,[Horizons] SMALL BODY #C(500@10)_T(660 Crescentia (A908 AN)) (1/1),SMALL,0
-2.533924222,-0.3340909386,-0.5845092905,[Horizons] SMALL BODY #C(500@10)_T(663 Gerlinde (A908 MB)) (1/1),SMALL,0
-0.261494788,2.887550306,-0.02613868167,[Horizons] SMALL BODY #C(500@10)_T(656 Beagle (A908 BJ)) (1/1),SMALL,0
-1.803481097,-0.4861617788,-0.6073535953,[Horizons] SMALL BODY #C(500@10)_T(654 Zelinda (A908 AM)) (1/1),SMALL,0
4.138413537,-1.907471201,-0.0962326559,[Horizons] SMALL BODY #C(500@10)_T(659 Nestor (A908 FE)) (1/1),SMALL,0
2.32673882,-1.600826806,0.2389663527,[Horizons] SMALL BODY #C(500@10)_T(657 Gunlod (A908 BK)) (1/1),SMALL,0
-2.224848729,-1.785475834,0.5681305392,[Horizons] SMALL BODY #C(500@10)_T(653 Berenike (A907 WC)) (1/1),SMALL,0
-2.593389418,-0.9791735147,0.7111702381,[Horizons] SMALL BODY #C(500@10)_T(652 Jubilatrix (A907 VS)) (1/1),SMALL,0
0.7363622859,-3.036732408,0.1575043546,[Horizons] SMALL BODY #C(500@10)_T(655 Briseis (A907 VT)) (1/1),SMALL,0
-3.084171529,0.7648823514,0.4753803914,[Horizons] SMALL BODY #C(500@10)_T(651 Antikleia (A907 TK)) (1/1),SMALL,0
-3.166578639,-0.3240729395,-0.1102063887,[Horizons] SMALL BODY #C(500@10)_T(649 Josefa (A907 RO)) (1/1),SMALL,0
-2.232345456,-1.262027859,-0.3099183319,[Horizons] SMALL BODY #C(500@10)_T(646 Kastalia (A907 RL)) (1/1),SMALL,0
1.234282457,-3.64079157,-0.02471981819,[Horizons] SMALL BODY #C(500@10)_T(648 Pippa (A907 RN)) (1/1),SMALL,0
0.02563742427,2.145416529,-0.07748609088,[Horizons] SMALL BODY #C(500@10)_T(650 Amalasuntha (A907 TL)) (1/1),SMALL,0
-2.526254261,-0.2131732857,-0.3062142506,[Horizons] SMALL BODY #C(500@10)_T(647 Adelgunde (A907 RM)) (1/1),SMALL,0
1.114615265,-3.35519256,-0.4933334512,[Horizons] SMALL BODY #C(500@10)_T(642 Clara (A907 RJ)) (1/1),SMALL,0
0.7992091205,-2.412039309,0.001323388092,[Horizons] SMALL BODY #C(500@10)_T(644 Cosima (A907 RG)) (1/1),SMALL,0
-0.6689048304,-3.589522901,-0.442518742,[Horizons] SMALL BODY #C(500@10)_T(645 Agrippina (A907 RP)) (1/1),SMALL,0
-1.637444268,2.651949684,-0.58087722,[Horizons] SMALL BODY #C(500@10)_T(643 Scheherezade (A907 RK)) (1/1),SMALL,0
1.473491511,2.363716065,0.1544271984,[Horizons] SMALL BODY #C(500@10)_T(636 Erika (A907 CE)) (1/1),SMALL,0
-2.396678069,-0.07741640151,0.3184470328,[Horizons] SMALL BODY #C(500@10)_T(638 Moira (A907 JG)) (1/1),SMALL,0
2.438693692,-1.644543174,0.6992537674,[Horizons] SMALL BODY #C(500@10)_T(640 Brambilla (A907 QA)) (1/1),SMALL,0
1.843143126,-1.187258816,-0.06283025267,[Horizons] SMALL BODY #C(500@10)_T(641 Agnes (A907 RH)) (1/1),SMALL,0
-1.848459964,2.635847616,-0.2062624187,[Horizons] SMALL BODY #C(500@10)_T(639 Latona (A907 OA)) (1/1),SMALL,0
-2.767586996,-0.4457500412,-0.00360714553,[Horizons] SMALL BODY #C(500@10)_T(637 Chrysothemis (A907 EN)) (1/1),SMALL,0
2.809991837,-1.174238387,0.2555148608,[Horizons] SMALL BODY #C(500@10)_T(635 Vundtia (A907 LA)) (1/1),SMALL,0
1.480026537,-2.183522375,0.09061912623,[Horizons] SMALL BODY #C(500@10)_T(634 Ute (A907 JJ)) (1/1),SMALL,0
0.9238678718,2.818521729,-0.5528702596,[Horizons] SMALL BODY #C(500@10)_T(633 Zelima (A907 JH)) (1/1),SMALL,0
-2.375859081,-0.1555023273,-0.01166098033,[Horizons] SMALL BODY #C(500@10)_T(632 Pyrrha (A907 GY)) (1/1),SMALL,0
0.02187846316,2.990993819,-0.2705998841,[Horizons] SMALL BODY #C(500@10)_T(627 Charis (A907 EJ)) (1/1),SMALL,0
-2.151050258,-1.38511021,0.5128014568,[Horizons] SMALL BODY #C(500@10)_T(628 Christine (A907 EK)) (1/1),SMALL,0
0.6205936516,-3.522275747,-0.1357590559,[Horizons] SMALL BODY #C(500@10)_T(629 Bernardina (A907 EL)) (1/1),SMALL,0
2.678539284,-0.9649147702,-0.574470557,[Horizons] SMALL BODY #C(500@10)_T(630 Euphemia (A907 EM)) (1/1),SMALL,0
-0.160013725,-2.834371698,0.6515388746,[Horizons] SMALL BODY #C(500@10)_T(631 Philippina (A907 FD)) (1/1),SMALL,0
-2.126209363,-1.968030884,-1.203363125,[Horizons] SMALL BODY #C(500@10)_T(626 Notburga (A907 CH)) (1/1),SMALL,0
-2.49493875,-1.471323481,-0.03909227522,[Horizons] SMALL BODY #C(500@10)_T(208 Lacrimosa) (1/1),SMALL,0
-2.659652476,-1.012990528,0.5834655248,[Horizons] SMALL BODY #C(500@10)_T(625 Xenia (A907 CG)) (1/1),SMALL,0
-0.746554864,-2.093154871,-0.09723157651,[Horizons] SMALL BODY #C(500@10)_T(207 Hedda) (1/1),SMALL,0
2.555045686,-1.079458076,-0.03826120033,[Horizons] SMALL BODY #C(500@10)_T(206 Hersilia) (1/1),SMALL,0
-1.914517325,1.980250054,-0.5083457739,[Horizons] SMALL BODY #C(500@10)_T(205 Martha) (1/1),SMALL,0
1.646138028,2.600483971,-0.2411999619,[Horizons] SMALL BODY #C(500@10)_T(204 Kallisto) (1/1),SMALL,0
2.623931445,-0.2114793139,0.01946368468,[Horizons] SMALL BODY #C(500@10)_T(203 Pompeja) (1/1),SMALL,0
1.863799277,-2.009153786,-0.06564782533,[Horizons] SMALL BODY #C(500@10)_T(200 Dynamene) (1/1),SMALL,0
-2.786612817,-0.5805221838,0.7675850488,[Horizons] SMALL BODY #C(500@10)_T(199 Byblis) (1/1),SMALL,0
1.953525912,-1.010287731,0.01651320252,[Horizons] SMALL BODY #C(500@10)_T(201 Penelope) (1/1),SMALL,0
3.224529718,0.2956964109,-0.3776922279,[Horizons] SMALL BODY #C(500@10)_T(202 Chryseis) (1/1),SMALL,0
2.143474949,2.298967637,-0.1713114223,[Horizons] SMALL BODY #C(500@10)_T(196 Philomela) (1/1),SMALL,0
-0.7921234805,2.408709695,-0.1419609947,[Horizons] SMALL BODY #C(500@10)_T(198 Ampella) (1/1),SMALL,0
-1.720132673,2.13008715,0.2840266684,[Horizons] SMALL BODY #C(500@10)_T(195 Eurykleia) (1/1),SMALL,0
-1.412277535,-2.254118373,0.1652592004,[Horizons] SMALL BODY #C(500@10)_T(197 Arete) (1/1),SMALL,0
0.1768788729,-2.032632058,0.6154424682,[Horizons] SMALL BODY #C(500@10)_T(194 Prokne) (1/1),SMALL,0
-1.812401999,-2.467383518,0.6003097297,[Horizons] SMALL BODY #C(500@10)_T(191 Kolga) (1/1),SMALL,0
3.875906967,-0.3013098934,-0.0007206605954,[Horizons] SMALL BODY #C(500@10)_T(190 Ismene) (1/1),SMALL,0
-0.4244587749,2.177818722,0.2336931951,[Horizons] SMALL BODY #C(500@10)_T(192 Nausikaa) (1/1),SMALL,0
1.552124479,-2.448173131,-0.4513288568,[Horizons] SMALL BODY #C(500@10)_T(193 Ambrosia) (1/1),SMALL,0
3.191685542,0.2386029007,-0.1790243513,[Horizons] SMALL BODY #C(500@10)_T(187 Lamberta) (1/1),SMALL,0
-2.937319524,-0.2581303418,-0.5056969977,[Horizons] SMALL BODY #C(500@10)_T(188 Menippe) (1/1),SMALL,0
1.243987092,-2.062255449,0.21611732,[Horizons] SMALL BODY #C(500@10)_T(189 Phthia) (1/1),SMALL,0
-2.289486033,-1.063810892,-0.1043796016,[Horizons] SMALL BODY #C(500@10)_T(186 Celuta) (1/1),SMALL,0
-2.600026195,1.506235799,0.001720704807,[Horizons] SMALL BODY #C(500@10)_T(184 Dejopeja) (1/1),SMALL,0
-1.967743446,-2.72334217,1.665603302,[Horizons] SMALL BODY #C(500@10)_T(183 Istria) (1/1),SMALL,0
-1.273564355,-2.407585554,1.168849151,[Horizons] SMALL BODY #C(500@10)_T(185 Eunike) (1/1),SMALL,0
3.050863432,-1.559907853,-0.2016194527,[Horizons] SMALL BODY #C(500@10)_T(181 Eucharis) (1/1),SMALL,0
2.745867802,-1.490357248,0.01590644154,[Horizons] SMALL BODY #C(500@10)_T(180 Garumna) (1/1),SMALL,0
1.671009877,1.087561223,-0.0671499447,[Horizons] SMALL BODY #C(500@10)_T(182 Elsa) (1/1),SMALL,0
1.459579567,-2.063577026,-0.04057440057,[Horizons] SMALL BODY #C(500@10)_T(177 Irma) (1/1),SMALL,0
1.558375832,2.09741245,-0.5927270754,[Horizons] SMALL BODY #C(500@10)_T(176 Iduna) (1/1),SMALL,0
2.328816441,-0.7173490104,-0.0748139401,[Horizons] SMALL BODY #C(500@10)_T(178 Belisana) (1/1),SMALL,0
1.424442051,-2.343882926,0.2860249075,[Horizons] SMALL BODY #C(500@10)_T(179 Klytaemnestra) (1/1),SMALL,0
-3.122330165,-1.735054547,-0.02699763132,[Horizons] SMALL BODY #C(500@10)_T(175 Andromache) (1/1),SMALL,0
-1.057128759,2.977859826,0.4189227135,[Horizons] SMALL BODY #C(500@10)_T(174 Phaedra) (1/1),SMALL,0
-1.46586489,2.152582899,0.2136220134,[Horizons] SMALL BODY #C(500@10)_T(172 Baucis) (1/1),SMALL,0
-1.63381035,2.265424478,-0.2689187333,[Horizons] SMALL BODY #C(500@10)_T(173 Ino) (1/1),SMALL,0
2.753082577,1.479692077,-0.01022282614,[Horizons] SMALL BODY #C(500@10)_T(168 Sibylla) (1/1),SMALL,0
-2.583611166,-0.2315390609,-0.04496609549,[Horizons] SMALL BODY #C(500@10)_T(169 Zelia) (1/1),SMALL,0
-1.52997989,1.860834062,-0.08735434505,[Horizons] SMALL BODY #C(500@10)_T(170 Maria) (1/1),SMALL,0
-2.003684487,-1.982032738,0.09282111161,[Horizons] SMALL BODY #C(500@10)_T(167 Urda) (1/1),SMALL,0
3.261913966,1.008497682,-0.1508224851,[Horizons] SMALL BODY #C(500@10)_T(171 Ophelia) (1/1),SMALL,0
-2.970455632,1.007492347,1.421021232,[Horizons] SMALL BODY #C(500@10)_T(164 Eva) (1/1),SMALL,0
2.280352618,-1.188215453,0.02853775366,[Horizons] SMALL BODY #C(500@10)_T(163 Erigone) (1/1),SMALL,0
-3.060772446,-0.729770977,0.6051948241,[Horizons] SMALL BODY #C(500@10)_T(166 Rhodope) (1/1),SMALL,0
0.1728757836,-2.849937234,-0.2747624076,[Horizons] SMALL BODY #C(500@10)_T(165 Loreley) (1/1),SMALL,0
-1.396870988,2.223261246,0.1608769077,[Horizons] SMALL BODY #C(500@10)_T(160 Una) (1/1),SMALL,0
2.929248121,-1.988010572,-0.3541605319,[Horizons] SMALL BODY #C(500@10)_T(162 Laurentia) (1/1),SMALL,0
-0.3198704315,-2.105558624,-0.3018742973,[Horizons] SMALL BODY #C(500@10)_T(161 Athor) (1/1),SMALL,0
-2.931286846,-0.8229655031,0.2875940561,[Horizons] SMALL BODY #C(500@10)_T(159 Aemilia) (1/1),SMALL,0
2.202164618,-1.88376911,0.03387454848,[Horizons] SMALL BODY #C(500@10)_T(158 Koronis) (1/1),SMALL,0
2.708977612,1.942878088,0.2535860068,[Horizons] SMALL BODY #C(500@10)_T(156 Xanthippe) (1/1),SMALL,0
2.543604484,-1.18262263,-0.6036835928,[Horizons] SMALL BODY #C(500@10)_T(157 Dejanira) (1/1),SMALL,0
-1.602541077,-2.989735681,-0.2426800348,[Horizons] SMALL BODY #C(500@10)_T(155 Scylla) (1/1),SMALL,0
-2.842986525,0.3979628984,0.7739589391,[Horizons] SMALL BODY #C(500@10)_T(154 Bertha) (1/1),SMALL,0
-1.035031575,-2.345843356,-0.1327273366,[Horizons] SMALL BODY #C(500@10)_T(151 Abundantia) (1/1),SMALL,0
3.123233418,0.1007815308,-0.4137686182,[Horizons] SMALL BODY #C(500@10)_T(152 Atala) (1/1),SMALL,0
-1.187546711,4.309062221,-0.5167374794,[Horizons] SMALL BODY #C(500@10)_T(153 Hilda) (1/1),SMALL,0
2.540494084,0.6624187741,0.0201732486,[Horizons] SMALL BODY #C(500@10)_T(150 Nuwa) (1/1),SMALL,0
-0.9886262243,2.257608286,-0.6058844411,[Horizons] SMALL BODY #C(500@10)_T(148 Gallia) (1/1),SMALL,0
2.647341721,-0.621410221,-0.6279293832,[Horizons] SMALL BODY #C(500@10)_T(146 Lucina) (1/1),SMALL,0
1.45684663,-2.721388901,0.07968432774,[Horizons] SMALL BODY #C(500@10)_T(147 Protogeneia) (1/1),SMALL,0
2.01866453,-0.6286864603,-0.001874394685,[Horizons] SMALL BODY #C(500@10)_T(149 Medusa) (1/1),SMALL,0
-0.3123675957,2.45298643,0.07484033973,[Horizons] SMALL BODY #C(500@10)_T(144 Vibilia) (1/1),SMALL,0
0.4862168966,-2.974063067,-0.2516397486,[Horizons] SMALL BODY #C(500@10)_T(145 Adeona) (1/1),SMALL,0
2.400433519,-0.8139559162,0.07598609416,[Horizons] SMALL BODY #C(500@10)_T(142 Polana) (1/1),SMALL,0
2.887480321,0.09534114527,0.2827369851,[Horizons] SMALL BODY #C(500@10)_T(143 Adria) (1/1),SMALL,0
1.853556145,2.523871081,-0.3905220261,[Horizons] SMALL BODY #C(500@10)_T(137 Meliboea) (1/1),SMALL,0
-1.00204846,-2.033907993,-0.01988139225,[Horizons] SMALL BODY #C(500@10)_T(138 Tolosa) (1/1),SMALL,0
0.8328923003,2.907311684,-0.09207443685,[Horizons] SMALL BODY #C(500@10)_T(140 Siwa) (1/1),SMALL,0
-1.018605132,2.174972813,0.4252012187,[Horizons] SMALL BODY #C(500@10)_T(139 Juewa) (1/1),SMALL,0
-2.468035393,-1.894494008,-0.6435109294,[Horizons] SMALL BODY #C(500@10)_T(141 Lumen) (1/1),SMALL,0
1.12609983,3.266534883,0.4055449684,[Horizons] SMALL BODY #C(500@10)_T(133 Cyrene) (1/1),SMALL,0
1.955727483,0.726911758,0.05029976786,[Horizons] SMALL BODY #C(500@10)_T(135 Hertha) (1/1),SMALL,0
-1.44231317,-2.400937873,-0.5498872148,[Horizons] SMALL BODY #C(500@10)_T(134 Sophrosyne) (1/1),SMALL,0
-1.371468054,-1.773643732,0.2714023797,[Horizons] SMALL BODY #C(500@10)_T(136 Austria) (1/1),SMALL,0
2.42654877,0.02224100848,-0.5919526748,[Horizons] SMALL BODY #C(500@10)_T(130 Elektra) (1/1),SMALL,0
0.2634222939,1.943373726,-0.06198564654,[Horizons] SMALL BODY #C(500@10)_T(132 Aethra) (1/1),SMALL,0
-1.533869434,-1.622783911,0.4854013289,[Horizons] SMALL BODY #C(500@10)_T(129 Antigone) (1/1),SMALL,0
-0.7956980648,2.364153862,0.1475120136,[Horizons] SMALL BODY #C(500@10)_T(131 Vala) (1/1),SMALL,0
-1.830693662,2.276102807,-0.1537202935,[Horizons] SMALL BODY #C(500@10)_T(125 Liberatrix) (1/1),SMALL,0
-2.635745307,1.321397884,0.3145597122,[Horizons] SMALL BODY #C(500@10)_T(128 Nemesis) (1/1),SMALL,0
0.06333020827,2.371970443,0.1687878102,[Horizons] SMALL BODY #C(500@10)_T(123 Brunhild) (1/1),SMALL,0
-2.278109741,1.356839838,-0.08574680809,[Horizons] SMALL BODY #C(500@10)_T(124 Alkeste) (1/1),SMALL,0
-0.2359018146,2.559607926,0.3350577039,[Horizons] SMALL BODY #C(500@10)_T(127 Johanna) (1/1),SMALL,0
-1.213414547,-2.188946682,-0.07816475481,[Horizons] SMALL BODY #C(500@10)_T(126 Velleda) (1/1),SMALL,0
-1.77323602,2.547026672,0.2244707845,[Horizons] SMALL BODY #C(500@10)_T(120 Lachesis) (1/1),SMALL,0
-2.805382729,1.377135292,-0.03678782919,[Horizons] SMALL BODY #C(500@10)_T(122 Gerda) (1/1),SMALL,0
0.9085941634,2.265406518,-0.1733214706,[Horizons] SMALL BODY #C(500@10)_T(119 Althaea) (1/1),SMALL,0
-1.131190693,-3.44495462,0.01102455631,[Horizons] SMALL BODY #C(500@10)_T(121 Hermione) (1/1),SMALL,0
-1.988275469,1.300254079,-0.1507950647,[Horizons] SMALL BODY #C(500@10)_T(115 Thyra) (1/1),SMALL,0
1.649308252,2.273143093,-0.02940100816,[Horizons] SMALL BODY #C(500@10)_T(116 Sirona) (1/1),SMALL,0
-1.840546169,-2.353266326,-0.7095847291,[Horizons] SMALL BODY #C(500@10)_T(117 Lomia) (1/1),SMALL,0
-0.1887001244,2.026081032,0.2045056366,[Horizons] SMALL BODY #C(500@10)_T(118 Peitho) (1/1),SMALL,0
0.6796552486,-2.773003293,0.2143280151,[Horizons] SMALL BODY #C(500@10)_T(114 Kassandra) (1/1),SMALL,0
2.025766398,1.57045077,-0.2255379357,[Horizons] SMALL BODY #C(500@10)_T(113 Amalthea) (1/1),SMALL,0
-1.246844762,-2.442225598,-0.2103922459,[Horizons] SMALL BODY #C(500@10)_T(111 Ate) (1/1),SMALL,0
-1.33132867,2.292603977,0.04753601626,[Horizons] SMALL BODY #C(500@10)_T(112 Iphigenia) (1/1),SMALL,0
2.129462478,-1.211333662,-0.1808737069,[Horizons] SMALL BODY #C(500@10)_T(109 Felicitas) (1/1),SMALL,0
0.5445865742,-3.263015508,-0.1608794355,[Horizons] SMALL BODY #C(500@10)_T(106 Dione) (1/1),SMALL,0
-2.614855199,-1.588078796,-0.1489639723,[Horizons] SMALL BODY #C(500@10)_T(108 Hecuba) (1/1),SMALL,0
-1.842886157,-2.102061993,0.04119495491,[Horizons] SMALL BODY #C(500@10)_T(110 Lydia) (1/1),SMALL,0
-1.683594502,2.760181138,-0.4443453745,[Horizons] SMALL BODY #C(500@10)_T(107 Camilla) (1/1),SMALL,0
-0.4856125395,2.453247033,-0.9807298133,[Horizons] SMALL BODY #C(500@10)_T(105 Artemis) (1/1),SMALL,0
0.7701851978,3.147306296,-0.3075871605,[Horizons] SMALL BODY #C(500@10)_T(414 Liriope (A896 BB)) (1/1),SMALL,0
1.253855859,3.149316012,0.1371015356,[Horizons] SMALL BODY #C(500@10)_T(416 Vaticana (A896 JA)) (1/1),SMALL,0
1.101070869,-3.038403221,0.13186241,[Horizons] SMALL BODY #C(500@10)_T(415 Palatia (A896 CA)) (1/1),SMALL,0
-0.4365604131,2.741503035,-0.08754725752,[Horizons] SMALL BODY #C(500@10)_T(412 Elisabetha (A896 AB)) (1/1),SMALL,0
1.459741156,0.8477410895,-0.5488853454,[Horizons] SMALL BODY #C(500@10)_T(413 Edburga (A896 AA)) (1/1),SMALL,0
2.642496298,-0.4004185415,-0.6596131269,[Horizons] SMALL BODY #C(500@10)_T(411 Xanthe (A896 AD)) (1/1),SMALL,0
1.867169191,-1.241233793,-0.3301694195,[Horizons] SMALL BODY #C(500@10)_T(410 Chloris (A896 AC)) (1/1),SMALL,0
-0.6862896107,2.513887119,0.05566697205,[Horizons] SMALL BODY #C(500@10)_T(407 Arachne (A895 TB)) (1/1),SMALL,0
1.749240972,-1.752355955,-0.001676388986,[Horizons] SMALL BODY #C(500@10)_T(406 Erna (A895 QA)) (1/1),SMALL,0
0.8227928268,-2.235122477,0.2887563917,[Horizons] SMALL BODY #C(500@10)_T(405 Thia (A895 OB)) (1/1),SMALL,0
1.034422177,2.55536939,-0.05557942024,[Horizons] SMALL BODY #C(500@10)_T(409 Aspasia (A895 XC)) (1/1),SMALL,0
1.645209532,2.117126664,0.3885654723,[Horizons] SMALL BODY #C(500@10)_T(408 Fama (A895 TC)) (1/1),SMALL,0
2.682350246,-0.846219014,-0.322225954,[Horizons] SMALL BODY #C(500@10)_T(402 Chloe (A895 FB)) (1/1),SMALL,0
2.762946622,0.918637896,0.3375016248,[Horizons] SMALL BODY #C(500@10)_T(403 Cyane (A895 KA)) (1/1),SMALL,0
3.073557752,-0.9794873528,-0.2717339964,[Horizons] SMALL BODY #C(500@10)_T(401 Ottilia (A895 FA)) (1/1),SMALL,0
-2.082000782,0.3195373337,0.5189996675,[Horizons] SMALL BODY #C(500@10)_T(404 Arsinoe (A895 MA)) (1/1),SMALL,0
3.431956851,0.2358956731,0.3837901109,[Horizons] SMALL BODY #C(500@10)_T(400 Ducrosa (A895 EC)) (1/1),SMALL,0
-2.713200665,1.351369336,-0.6666512186,[Horizons] SMALL BODY #C(500@10)_T(397 Vienna (A894 YA)) (1/1),SMALL,0
2.413757711,1.603283779,0.1215341285,[Horizons] SMALL BODY #C(500@10)_T(395 Delia (A894 WC)) (1/1),SMALL,0
0.9431950467,-3.11023394,0.06707003224,[Horizons] SMALL BODY #C(500@10)_T(398 Admete (A894 YB)) (1/1),SMALL,0
-0.5213956285,-2.252611865,0.01262056576,[Horizons] SMALL BODY #C(500@10)_T(396 Aeolia (A894 XA)) (1/1),SMALL,0
2.061691589,-2.395799851,-0.4273654561,[Horizons] SMALL BODY #C(500@10)_T(399 Persephone (A895 DD)) (1/1),SMALL,0
-2.230537014,-2.345783583,0.2364366209,[Horizons] SMALL BODY #C(500@10)_T(392 Wilhelmina (A894 VD)) (1/1),SMALL,0
-2.007246332,2.555383919,0.3104442903,[Horizons] SMALL BODY #C(500@10)_T(394 Arduina (A894 WB)) (1/1),SMALL,0
-2.888046545,0.3323422915,-0.7914695979,[Horizons] SMALL BODY #C(500@10)_T(391 Ingeborg (A894 VB)) (1/1),SMALL,0
1.593676541,2.34363409,-0.2982657872,[Horizons] SMALL BODY #C(500@10)_T(393 Lampetia (A894 VC)) (1/1),SMALL,0
-2.809459804,-1.293618009,-0.1771551584,[Horizons] SMALL BODY #C(500@10)_T(388 Charybdis (A894 ED)) (1/1),SMALL,0
-0.3093231369,2.579177074,0.03517970573,[Horizons] SMALL BODY #C(500@10)_T(389 Industria (A894 EE)) (1/1),SMALL,0
0.0772155602,3.263014363,-0.6802472697,[Horizons] SMALL BODY #C(500@10)_T(387 Aquitania (A894 EC)) (1/1),SMALL,0
-2.173673383,-1.126638194,-0.5228011035,[Horizons] SMALL BODY #C(500@10)_T(390 Alma (A894 FA)) (1/1),SMALL,0
0.7296704648,3.436686365,0.3754047442,[Horizons] SMALL BODY #C(500@10)_T(382 Dodona (A894 BB)) (1/1),SMALL,0
2.629331579,-1.480324376,-0.11865884,[Horizons] SMALL BODY #C(500@10)_T(383 Janina (A894 BC)) (1/1),SMALL,0
2.098972093,-1.534092056,0.3711609649,[Horizons] SMALL BODY #C(500@10)_T(386 Siegena (A894 EB)) (1/1),SMALL,0
-2.654377375,-0.6619656104,0.1490685436,[Horizons] SMALL BODY #C(500@10)_T(384 Burdigala (A894 CA)) (1/1),SMALL,0
-1.135098012,-2.372392087,-0.623032945,[Horizons] SMALL BODY #C(500@10)_T(385 Ilmatar (A894 EA)) (1/1),SMALL,0
2.36886052,0.4353277958,-0.2589037876,[Horizons] SMALL BODY #C(500@10)_T(380 Fiducia (A894 AB)) (1/1),SMALL,0
-0.94571217,3.361316096,-0.2578671908,[Horizons] SMALL BODY #C(500@10)_T(381 Myrrha (A894 AC)) (1/1),SMALL,0
-1.729354038,-2.319902168,0.1333340061,[Horizons] SMALL BODY #C(500@10)_T(377 Campania (A893 SD)) (1/1),SMALL,0
2.22422974,-1.36491685,0.03024554256,[Horizons] SMALL BODY #C(500@10)_T(379 Huenna (A894 AA)) (1/1),SMALL,0
-2.716002798,1.131305441,-0.3493460971,[Horizons] SMALL BODY #C(500@10)_T(378 Holmia (A893 XA)) (1/1),SMALL,0
-1.735883282,1.736336251,-0.05255765222,[Horizons] SMALL BODY #C(500@10)_T(376 Geometria (A893 SC)) (1/1),SMALL,0
0.5834295305,2.920394478,-0.3009780954,[Horizons] SMALL BODY #C(500@10)_T(374 Burgundia (A893 SA)) (1/1),SMALL,0
1.04469944,-2.569357315,-0.553106466,[Horizons] SMALL BODY #C(500@10)_T(375 Ursula (A893 SB)) (1/1),SMALL,0
2.445771075,-1.10103906,-0.3450310871,[Horizons] SMALL BODY #C(500@10)_T(373 Melusina (A893 RA)) (1/1),SMALL,0
-2.475272621,-0.4154530959,-0.3399237173,[Horizons] SMALL BODY #C(500@10)_T(370 Modestia (A893 NB)) (1/1),SMALL,0
1.669779227,1.744468538,-0.4044032779,[Horizons] SMALL BODY #C(500@10)_T(369 Aeria (A893 NA)) (1/1),SMALL,0
-2.088794491,-2.773039367,-1.528578804,[Horizons] SMALL BODY #C(500@10)_T(372 Palma (A893 QB)) (1/1),SMALL,0
2.168965027,-1.47185247,0.2298583304,[Horizons] SMALL BODY #C(500@10)_T(371 Bohemia (A893 OA)) (1/1),SMALL,0
-0.8144561809,3.138341087,0.5353373377,[Horizons] SMALL BODY #C(500@10)_T(366 Vincentina (A893 FG)) (1/1),SMALL,0
-1.216786903,3.320634392,-0.4343966184,[Horizons] SMALL BODY #C(500@10)_T(368 Haidea (A893 KC)) (1/1),SMALL,0
-3.116913891,-0.3200874744,0.008442054472,[Horizons] SMALL BODY #C(500@10)_T(365 Corduba (A893 FF)) (1/1),SMALL,0
2.060236854,-1.282282478,-0.1126879948,[Horizons] SMALL BODY #C(500@10)_T(367 Amicitia (A893 KB)) (1/1),SMALL,0
0.1701236398,-3.397493731,0.4476335661,[Horizons] SMALL BODY #C(500@10)_T(360 Carlova (A893 EE)) (1/1),SMALL,0
-0.8789255027,2.64481837,0.2003347088,[Horizons] SMALL BODY #C(500@10)_T(363 Padua (A893 FD)) (1/1),SMALL,0
-3.034139919,-3.3229722,-0.4843658379,[Horizons] SMALL BODY #C(500@10)_T(361 Bononia (A893 EF)) (1/1),SMALL,0
2.139119199,1.251762287,0.01843856646,[Horizons] SMALL BODY #C(500@10)_T(362 Havnia (A893 EG)) (1/1),SMALL,0
-0.3861968712,-2.486023456,0.1091459276,[Horizons] SMALL BODY #C(500@10)_T(364 Isara (A893 FE)) (1/1),SMALL,0
-2.429936403,1.344921676,-0.06212987311,[Horizons] SMALL BODY #C(500@10)_T(358 Apollonia (A893 EC)) (1/1),SMALL,0
2.363025332,1.53091728,-0.7324769562,[Horizons] SMALL BODY #C(500@10)_T(357 Ninina (A893 CB)) (1/1),SMALL,0
-2.733756838,-1.277013894,-0.1165400335,[Horizons] SMALL BODY #C(500@10)_T(359 Georgia (A893 ED)) (1/1),SMALL,0
2.478748186,-0.9149323832,-0.0971274614,[Horizons] SMALL BODY #C(500@10)_T(356 Liguria (A893 BE)) (1/1),SMALL,0
2.17356292,-2.321651966,-0.2876192955,[Horizons] SMALL BODY #C(500@10)_T(351 Yrsa (A892 YA)) (1/1),SMALL,0
-2.455020808,0.2809828322,0.4491379836,[Horizons] SMALL BODY #C(500@10)_T(354 Eleonora (A893 BC)) (1/1),SMALL,0
-2.217516767,1.041510474,0.1939516277,[Horizons] SMALL BODY #C(500@10)_T(353 Ruperto-Carola (A893 BB)) (1/1),SMALL,0
-0.7679326891,-2.663373946,-0.2055718147,[Horizons] SMALL BODY #C(500@10)_T(355 Gabriella (A893 BD)) (1/1),SMALL,0
-1.619669576,1.527834668,-0.1232581434,[Horizons] SMALL BODY #C(500@10)_T(352 Gisela (A893 AB)) (1/1),SMALL,0
-2.84515583,-1.434215253,0.04496983522,[Horizons] SMALL BODY #C(500@10)_T(349 Dembowska (A892 XB)) (1/1),SMALL,0
2.966444488,-0.2821254941,-0.5102760825,[Horizons] SMALL BODY #C(500@10)_T(348 May (A892 WE)) (1/1),SMALL,0
0.04188745227,2.485341235,0.03155599018,[Horizons] SMALL BODY #C(500@10)_T(347 Pariana (A892 WD)) (1/1),SMALL,0
-1.267928501,2.38264914,0.5864843169,[Horizons] SMALL BODY #C(500@10)_T(350 Ornamenta (A892 XC)) (1/1),SMALL,0
2.577017669,-0.2895585325,0.2870593039,[Horizons] SMALL BODY #C(500@10)_T(342 Endymion (A892 UA)) (1/1),SMALL,0
1.834328932,0.5465050674,-0.0408325266,[Horizons] SMALL BODY #C(500@10)_T(343 Ostara (A892 VA)) (1/1),SMALL,0
2.260338762,-0.5073107226,0.2825300526,[Horizons] SMALL BODY #C(500@10)_T(345 Tercidina (A892 WB)) (1/1),SMALL,0
-1.559588619,2.335482208,0.2277892668,[Horizons] SMALL BODY #C(500@10)_T(346 Hermentaria (A892 WC)) (1/1),SMALL,0
-2.150148132,2.178364634,1.013126504,[Horizons] SMALL BODY #C(500@10)_T(344 Desiderata (A892 WA)) (1/1),SMALL,0
1.84079551,0.1324373535,-0.0771483647,[Horizons] SMALL BODY #C(500@10)_T(341 California (A892 SE)) (1/1),SMALL,0
2.593343418,-0.6519068934,-0.143470457,[Horizons] SMALL BODY #C(500@10)_T(340 Eduarda (A892 SD)) (1/1),SMALL,0
-1.997506019,2.544209815,-0.4042601515,[Horizons] SMALL BODY #C(500@10)_T(339 Dorothea (A892 SC)) (1/1),SMALL,0
-2.107739698,-2.081401753,-0.2791936076,[Horizons] SMALL BODY #C(500@10)_T(338 Budrosa (A892 SF)) (1/1),SMALL,0
-1.537005438,-1.411488324,-0.04462459195,[Horizons] SMALL BODY #C(500@10)_T(336 Lacadiera (A892 SA)) (1/1),SMALL,0
-3.877681262,-0.2739481298,0.2550287214,[Horizons] SMALL BODY #C(500@10)_T(334 Chicago (A892 QB)) (1/1),SMALL,0
-1.788414442,-1.386498757,0.189023293,[Horizons] SMALL BODY #C(500@10)_T(335 Roberta (A892 RB)) (1/1),SMALL,0
-1.211676509,-2.33124984,-0.3337233197,[Horizons] SMALL BODY #C(500@10)_T(337 Devosa (A892 SB)) (1/1),SMALL,0
1.085912403,2.56501165,0.08035674464,[Horizons] SMALL BODY #C(500@10)_T(332 Siri) (1/1),SMALL,0
-0.701372412,2.322048552,-0.6549261202,[Horizons] SMALL BODY #C(500@10)_T(329 Svea) (1/1),SMALL,0
2.63953416,0.103420386,0.02723809235,[Horizons] SMALL BODY #C(500@10)_T(333 Badenia (A892 QA)) (1/1),SMALL,0
-2.345240652,-1.979241838,0.3609109704,[Horizons] SMALL BODY #C(500@10)_T(330 Adalberta (A910 CB)) (1/1),SMALL,0
1.660053534,-2.260622713,-0.2872229572,[Horizons] SMALL BODY #C(500@10)_T(331 Etheridgea) (1/1),SMALL,0
0.7132794808,-3.245791901,-0.8989854469,[Horizons] SMALL BODY #C(500@10)_T(328 Gudrun) (1/1),SMALL,0
1.297472739,2.52249206,0.3295064453,[Horizons] SMALL BODY #C(500@10)_T(327 Columbia) (1/1),SMALL,0
-0.4913947964,-3.568315119,-0.535972963,[Horizons] SMALL BODY #C(500@10)_T(325 Heidelberga) (1/1),SMALL,0
-3.432922121,0.519606078,-0.2721518326,[Horizons] SMALL BODY #C(500@10)_T(324 Bamberga) (1/1),SMALL,0
0.4466550956,-1.681938383,-0.730151321,[Horizons] SMALL BODY #C(500@10)_T(326 Tamara) (1/1),SMALL,0
1.523326528,-0.8499916842,-0.6320202167,[Horizons] SMALL BODY #C(500@10)_T(323 Brucia) (1/1),SMALL,0
-2.029617686,-2.451496563,-0.1686156559,[Horizons] SMALL BODY #C(500@10)_T(322 Phaeo) (1/1),SMALL,0
-3.210691326,-0.9631600087,-0.2183048466,[Horizons] SMALL BODY #C(500@10)_T(320 Katharina) (1/1),SMALL,0
0.1302974425,2.748511223,0.09101814302,[Horizons] SMALL BODY #C(500@10)_T(321 Florentina) (1/1),SMALL,0
2.058284074,0.5223866726,-0.04455479928,[Horizons] SMALL BODY #C(500@10)_T(317 Roxane) (1/1),SMALL,0
-1.092786843,2.688606042,-0.4143928493,[Horizons] SMALL BODY #C(500@10)_T(318 Magdalena) (1/1),SMALL,0
-1.169003178,-3.407882817,0.1172438832,[Horizons] SMALL BODY #C(500@10)_T(316 Goberta) (1/1),SMALL,0
-3.365544663,-2.28138363,0.369826966,[Horizons] SMALL BODY #C(500@10)_T(319 Leona) (1/1),SMALL,0
0.3197133895,2.269552689,-0.0956240484,[Horizons] SMALL BODY #C(500@10)_T(315 Constantia) (1/1),SMALL,0
2.141355141,-1.631411419,0.2738764942,[Horizons] SMALL BODY #C(500@10)_T(314 Rosalia) (1/1),SMALL,0
-1.971814061,-1.704719499,-0.6553496582,[Horizons] SMALL BODY #C(500@10)_T(623 Chimaera (A907 BC)) (1/1),SMALL,0
2.645927523,-0.3713587537,0.04390933989,[Horizons] SMALL BODY #C(500@10)_T(313 Chaldaea) (1/1),SMALL,0
5.346394739,-0.4839308765,0.3671340608,[Horizons] SMALL BODY #C(500@10)_T(624 Hektor (A907 CF)) (1/1),SMALL,0
-2.453159445,-0.5006045472,0.004038151199,[Horizons] SMALL BODY #C(500@10)_T(615 Roswitha (A906 TF)) (1/1),SMALL,0
-1.201030418,1.854564891,-0.1091713707,[Horizons] SMALL BODY #C(500@10)_T(622 Esther (A906 VN)) (1/1),SMALL,0
0.9062291503,-1.956394855,-0.265655877,[Horizons] SMALL BODY #C(500@10)_T(620 Drakonia (A906 UO)) (1/1),SMALL,0
-2.145175539,1.501956375,-0.4342636304,[Horizons] SMALL BODY #C(500@10)_T(619 Triberga (A906 UN)) (1/1),SMALL,0
-5.116992491,-2.605749678,0.6940835532,[Horizons] SMALL BODY #C(500@10)_T(617 Patroclus (A906 UL)) (1/1),SMALL,0
-0.4054614949,-3.514682679,-0.04008710091,[Horizons] SMALL BODY #C(500@10)_T(621 Werdandi (A906 VM)) (1/1),SMALL,0
-1.145935965,-2.756615406,0.1847237493,[Horizons] SMALL BODY #C(500@10)_T(614 Pia (A906 TE)) (1/1),SMALL,0
2.56622707,-1.372013298,-0.5861457444,[Horizons] SMALL BODY #C(500@10)_T(618 Elfriede (A906 UM)) (1/1),SMALL,0
1.27887224,-2.303901597,-0.5900056488,[Horizons] SMALL BODY #C(500@10)_T(616 Elly (A906 UK)) (1/1),SMALL,0
0.07425635089,-3.032118939,-0.4050128954,[Horizons] SMALL BODY #C(500@10)_T(613 Ginevra (A906 TD)) (1/1),SMALL,0
2.57889655,1.036581655,-0.1437467857,[Horizons] SMALL BODY #C(500@10)_T(611 Valeria (A906 SM)) (1/1),SMALL,0
1.884864546,-1.744282616,-0.5108791581,[Horizons] SMALL BODY #C(500@10)_T(610 Valeska (A906 SN)) (1/1),SMALL,0
-0.9451614847,3.31400669,-1.309374698,[Horizons] SMALL BODY #C(500@10)_T(612 Veronika (A906 TC)) (1/1),SMALL,0
-3.256724823,-0.7792755843,-0.5442298456,[Horizons] SMALL BODY #C(500@10)_T(608 Adolfine (A906 SJ)) (1/1),SMALL,0
-0.7837279315,2.340220868,0.1863614924,[Horizons] SMALL BODY #C(500@10)_T(606 Brangane (A906 SK)) (1/1),SMALL,0
2.307257094,-1.910625234,0.09203508442,[Horizons] SMALL BODY #C(500@10)_T(609 Fulvia (A906 SL)) (1/1),SMALL,0
-2.64146763,0.0508904905,-0.4520331652,[Horizons] SMALL BODY #C(500@10)_T(607 Jenny (A906 SH)) (1/1),SMALL,0
-1.801325651,-3.242307403,-0.2155498013,[Horizons] SMALL BODY #C(500@10)_T(604 Tekmessa (A906 DH)) (1/1),SMALL,0
-2.164303338,-0.06379119718,-0.09557811297,[Horizons] SMALL BODY #C(500@10)_T(603 Timandra (A906 DG)) (1/1),SMALL,0
-2.720377577,2.015976056,0.1274706207,[Horizons] SMALL BODY #C(500@10)_T(602 Marianna (A906 DJ)) (1/1),SMALL,0
1.89081069,-1.848645878,-0.4284752897,[Horizons] SMALL BODY #C(500@10)_T(605 Juvisia (A906 QJ)) (1/1),SMALL,0
-0.7581871171,3.136981126,-0.8531452784,[Horizons] SMALL BODY #C(500@10)_T(601 Nerthus (A906 MC)) (1/1),SMALL,0
1.196338152,3.188951547,-0.01816823655,[Horizons] SMALL BODY #C(500@10)_T(596 Scheila (A906 DL)) (1/1),SMALL,0
2.198631082,-1.410247153,-0.06625816626,[Horizons] SMALL BODY #C(500@10)_T(600 Musa (A906 LA)) (1/1),SMALL,0
-1.330566896,2.298057848,0.2749984244,[Horizons] SMALL BODY #C(500@10)_T(598 Octavia (A906 GC)) (1/1),SMALL,0
-2.017695439,-1.96236728,-0.08535469875,[Horizons] SMALL BODY #C(500@10)_T(597 Bandusia (A906 HE)) (1/1),SMALL,0
-2.192661279,2.452191511,0.9864898273,[Horizons] SMALL BODY #C(500@10)_T(599 Luisa (A906 HF)) (1/1),SMALL,0
0.671225849,2.810214437,-1.809721454,[Horizons] SMALL BODY #C(500@10)_T(594 Mireille (A906 FM)) (1/1),SMALL,0
2.606748425,0.1473709551,-0.7575191748,[Horizons] SMALL BODY #C(500@10)_T(593 Titania (A906 FK)) (1/1),SMALL,0
-2.774127703,1.746857061,0.8748496546,[Horizons] SMALL BODY #C(500@10)_T(595 Polyxena (A906 FL)) (1/1),SMALL,0
2.591201082,0.8060039047,-0.2394709175,[Horizons] SMALL BODY #C(500@10)_T(592 Bathseba (A906 FJ)) (1/1),SMALL,0
-1.896140791,2.081776812,0.2454379562,[Horizons] SMALL BODY #C(500@10)_T(590 Tomyris (A906 ED)) (1/1),SMALL,0
-1.588372291,1.676483546,0.1816823686,[Horizons] SMALL BODY #C(500@10)_T(591 Irmgard (A906 EE)) (1/1),SMALL,0
4.815380164,-2.587351977,0.2612158898,[Horizons] SMALL BODY #C(500@10)_T(588 Achilles (A906 DN)) (1/1),SMALL,0
2.988391807,-0.6698322249,0.1023849882,[Horizons] SMALL BODY #C(500@10)_T(589 Croatia (A906 EC)) (1/1),SMALL,0
-0.2120694448,1.965286609,0.6890199795,[Horizons] SMALL BODY #C(500@10)_T(587 Hypsipyle (A906 DM)) (1/1),SMALL,0
-2.62033881,0.9741663781,-0.4468781091,[Horizons] SMALL BODY #C(500@10)_T(584 Semiramis (A906 AC)) (1/1),SMALL,0
-2.141500825,0.1360609825,-0.01947611706,[Horizons] SMALL BODY #C(500@10)_T(585 Bilkis (A906 DF)) (1/1),SMALL,0
0.6648693587,2.87801905,0.006465427275,[Horizons] SMALL BODY #C(500@10)_T(583 Klotilde (A905 YD)) (1/1),SMALL,0
1.882858538,-2.626444379,0.08955816671,[Horizons] SMALL BODY #C(500@10)_T(586 Thekla (A906 DK)) (1/1),SMALL,0
1.64052822,2.49337981,0.1472712345,[Horizons] SMALL BODY #C(500@10)_T(578 Happelia (A905 VJ)) (1/1),SMALL,0
-1.395016087,1.45724331,-0.4359473653,[Horizons] SMALL BODY #C(500@10)_T(582 Olympia (A906 BM)) (1/1),SMALL,0
3.037975809,0.1471961423,-1.205138947,[Horizons] SMALL BODY #C(500@10)_T(581 Tauntonia (A905 YC)) (1/1),SMALL,0
2.72931678,-0.4799937917,-0.5390683779,[Horizons] SMALL BODY #C(500@10)_T(579 Sidonia (A905 VK)) (1/1),SMALL,0
2.50145158,-2.212433324,-0.1365694241,[Horizons] SMALL BODY #C(500@10)_T(580 Selene (A905 YB)) (1/1),SMALL,0
-0.726626665,-2.62384977,-0.2426507664,[Horizons] SMALL BODY #C(500@10)_T(577 Rhea (A905 UR)) (1/1),SMALL,0
1.747001789,2.1697429,0.4663520993,[Horizons] SMALL BODY #C(500@10)_T(576 Emanuela (A905 SK)) (1/1),SMALL,0
0.8662169519,-2.790121599,-0.4165866121,[Horizons] SMALL BODY #C(500@10)_T(573 Recha (A905 SG)) (1/1),SMALL,0
0.4448198139,-2.496602844,-0.2105919993,[Horizons] SMALL BODY #C(500@10)_T(574 Reginhild (A905 SH)) (1/1),SMALL,0
2.192981589,-0.5089202893,-0.02818471038,[Horizons] SMALL BODY #C(500@10)_T(575 Renate (A905 SJ)) (1/1),SMALL,0
-2.723082398,-1.232256416,-0.09876239945,[Horizons] SMALL BODY #C(500@10)_T(571 Dulcinea (A905 RA)) (1/1),SMALL,0
-0.821192662,-2.466353321,0.407188115,[Horizons] SMALL BODY #C(500@10)_T(572 Rebekka (A905 SF)) (1/1),SMALL,0
2.596354118,-1.836746653,0.09890509707,[Horizons] SMALL BODY #C(500@10)_T(570 Kythera (A905 OF)) (1/1),SMALL,0
2.45568739,1.686373045,-0.1806238752,[Horizons] SMALL BODY #C(500@10)_T(566 Stereoskopia (A905 KA)) (1/1),SMALL,0
-0.583818959,3.03841833,0.3412960017,[Horizons] SMALL BODY #C(500@10)_T(567 Eleutheria (A905 KB)) (1/1),SMALL,0
-2.206010595,1.01032083,-0.03035691325,[Horizons] SMALL BODY #C(500@10)_T(569 Misa (A905 OE)) (1/1),SMALL,0
-1.717031267,1.869767646,-0.7506405664,[Horizons] SMALL BODY #C(500@10)_T(568 Cheruskia (A905 OD)) (1/1),SMALL,0
1.23376366,-1.511801008,-0.5400682738,[Horizons] SMALL BODY #C(500@10)_T(564 Dudu (A905 JD)) (1/1),SMALL,0
-3.036706022,1.188014131,0.6396401307,[Horizons] SMALL BODY #C(500@10)_T(562 Salome (A905 GC)) (1/1),SMALL,0
-1.090546361,-2.108279051,0.1336061819,[Horizons] SMALL BODY #C(500@10)_T(565 Marbachia (A905 JE)) (1/1),SMALL,0
0.05031166163,2.11481571,0.02300724198,[Horizons] SMALL BODY #C(500@10)_T(563 Suleika (A905 GD)) (1/1),SMALL,0
1.560805606,-3.194651002,0.06561649133,[Horizons] SMALL BODY #C(500@10)_T(561 Ingwelde (A905 FC)) (1/1),SMALL,0
0.5117733005,2.822444113,-0.2513418374,[Horizons] SMALL BODY #C(500@10)_T(559 Nanon (A905 EB)) (1/1),SMALL,0
-2.129335848,-1.852673804,0.3787426295,[Horizons] SMALL BODY #C(500@10)_T(560 Delila (A905 EC)) (1/1),SMALL,0
-2.709417895,-1.076189945,0.3638362231,[Horizons] SMALL BODY #C(500@10)_T(558 Carmen (A905 CK)) (1/1),SMALL,0
-2.24690999,0.2479108067,-0.08589515167,[Horizons] SMALL BODY #C(500@10)_T(557 Violetta (A905 BD)) (1/1),SMALL,0
0.003811354109,-2.877603044,0.02136588324,[Horizons] SMALL BODY #C(500@10)_T(552 Sigelinde (A904 XB)) (1/1),SMALL,0
-0.1924690596,-3.512623699,0.1119099693,[Horizons] SMALL BODY #C(500@10)_T(555 Norma (A905 AF)) (1/1),SMALL,0
-1.00591368,-2.542405834,-0.1025084599,[Horizons] SMALL BODY #C(500@10)_T(554 Peraga (A905 AE)) (1/1),SMALL,0
2.485763015,-0.5620736358,0.205107697,[Horizons] SMALL BODY #C(500@10)_T(556 Phyllis (A905 AD)) (1/1),SMALL,0
-0.4565890342,-2.426179912,-0.02824904281,[Horizons] SMALL BODY #C(500@10)_T(553 Kundry (A904 YA)) (1/1),SMALL,0
-2.29611342,-1.089887893,0.1707838461,[Horizons] SMALL BODY #C(500@10)_T(548 Kressida (A904 TF)) (1/1),SMALL,0
2.181433104,-0.1951749823,0.2071406013,[Horizons] SMALL BODY #C(500@10)_T(547 Praxedis (A904 TE)) (1/1),SMALL,0
-2.196119188,0.7381010021,-0.122909578,[Horizons] SMALL BODY #C(500@10)_T(549 Jessonda (A904 WA)) (1/1),SMALL,0
-0.7204558696,-3.25103512,-0.02184182672,[Horizons] SMALL BODY #C(500@10)_T(551 Ortrud (A904 WC)) (1/1),SMALL,0
-1.077481599,-2.041545327,-0.196567651,[Horizons] SMALL BODY #C(500@10)_T(550 Senta (A904 WB)) (1/1),SMALL,0
-1.163956163,3.489871545,0.5166631067,[Horizons] SMALL BODY #C(500@10)_T(545 Messalina (A904 TC)) (1/1),SMALL,0
-1.891004747,-1.73392011,-0.2409253026,[Horizons] SMALL BODY #C(500@10)_T(546 Herodias (A904 TD)) (1/1),SMALL,0
-2.277737976,-0.8822175115,-0.3567120394,[Horizons] SMALL BODY #C(500@10)_T(544 Jetta (A904 RH)) (1/1),SMALL,0
-0.909651453,2.72632033,-0.4308876344,[Horizons] SMALL BODY #C(500@10)_T(542 Susanna (A904 QA)) (1/1),SMALL,0
-3.052162963,-1.641347076,-0.5157976422,[Horizons] SMALL BODY #C(500@10)_T(543 Charlotte (A904 RG)) (1/1),SMALL,0
0.4836894977,-2.181618875,0.2152940761,[Horizons] SMALL BODY #C(500@10)_T(540 Rosamunde (A904 PE)) (1/1),SMALL,0
-0.900702211,2.802091909,-0.1068085222,[Horizons] SMALL BODY #C(500@10)_T(541 Deborah (A904 PF)) (1/1),SMALL,0
-3.168574747,1.617151465,0.08318412402,[Horizons] SMALL BODY #C(500@10)_T(538 Friederike (A904 OA)) (1/1),SMALL,0
-2.788494346,1.405093127,-0.3190200296,[Horizons] SMALL BODY #C(500@10)_T(539 Pamina (A904 PD)) (1/1),SMALL,0
1.216413052,2.428181636,-0.07934731893,[Horizons] SMALL BODY #C(500@10)_T(534 Nassovia (A904 HD)) (1/1),SMALL,0
2.85777777,1.222250607,-0.1386375443,[Horizons] SMALL BODY #C(500@10)_T(533 Sara (A904 HC)) (1/1),SMALL,0
-2.216824726,2.726363088,1.163516227,[Horizons] SMALL BODY #C(500@10)_T(536 Merapi (A904 JF)) (1/1),SMALL,0
-0.7900452687,-2.455230368,0.06708878942,[Horizons] SMALL BODY #C(500@10)_T(535 Montague (A904 JE)) (1/1),SMALL,0
-1.639920656,3.378979388,-0.04880370003,[Horizons] SMALL BODY #C(500@10)_T(537 Pauly (A904 NB)) (1/1),SMALL,0
-0.8937693963,-2.729545326,0.3636682452,[Horizons] SMALL BODY #C(500@10)_T(530 Turandot (A904 GB)) (1/1),SMALL,0
-1.431748765,-1.843976056,0.5622178386,[Horizons] SMALL BODY #C(500@10)_T(532 Herculina (A904 HE)) (1/1),SMALL,0
-2.393195164,0.9428121447,-1.096443227,[Horizons] SMALL BODY #C(500@10)_T(531 Zerlina (A904 GC)) (1/1),SMALL,0
-2.798143181,-1.717817794,0.3545554921,[Horizons] SMALL BODY #C(500@10)_T(529 Preziosa (A904 FB)) (1/1),SMALL,0
1.332774938,1.623586239,-0.1008893348,[Horizons] SMALL BODY #C(500@10)_T(525 Adelaide (A908 UJ)) (1/1),SMALL,0
-1.793701436,2.535218688,0.04402519748,[Horizons] SMALL BODY #C(500@10)_T(527 Euryanthe (A904 FC)) (1/1),SMALL,0
-2.799776188,-0.006697185616,0.07161890439,[Horizons] SMALL BODY #C(500@10)_T(526 Jena (A904 EE)) (1/1),SMALL,0
3.286842315,-0.1222087657,-0.5818150025,[Horizons] SMALL BODY #C(500@10)_T(528 Rezia (A904 FA)) (1/1),SMALL,0
-2.821597787,0.1148757944,-0.2102501524,[Horizons] SMALL BODY #C(500@10)_T(524 Fidelio (A904 ED)) (1/1),SMALL,0
3.072860305,1.240049169,-0.2553142362,[Horizons] SMALL BODY #C(500@10)_T(522 Helga (A904 AF)) (1/1),SMALL,0
2.862497415,-1.087970726,0.2263774655,[Horizons] SMALL BODY #C(500@10)_T(523 Ada (A904 BA)) (1/1),SMALL,0
-1.285020056,-3.156851009,0.236779427,[Horizons] SMALL BODY #C(500@10)_T(521 Brixia (A904 AE)) (1/1),SMALL,0
0.1613589317,-2.416686287,0.1953717072,[Horizons] SMALL BODY #C(500@10)_T(102 Miriam) (1/1),SMALL,0
2.428533815,0.7947390333,-0.2140756549,[Horizons] SMALL BODY #C(500@10)_T(103 Hera) (1/1),SMALL,0
-2.252209561,-1.961338701,0.3358994893,[Horizons] SMALL BODY #C(500@10)_T(100 Hekate) (1/1),SMALL,0
-2.348285378,1.760240025,0.1825826088,[Horizons] SMALL BODY #C(500@10)_T(101 Helena) (1/1),SMALL,0
2.652090196,0.9070454435,-0.05292069883,[Horizons] SMALL BODY #C(500@10)_T(104 Klymene) (1/1),SMALL,0
0.5203218639,1.872194326,-0.4036852725,[Horizons] SMALL BODY #C(500@10)_T(97 Klotho) (1/1),SMALL,0
2.797326273,-1.976550919,0.0558964011,[Horizons] SMALL BODY #C(500@10)_T(96 Aegle) (1/1),SMALL,0
2.791597797,-1.505188053,-0.3345806724,[Horizons] SMALL BODY #C(500@10)_T(98 Ianthe) (1/1),SMALL,0
-2.185335171,1.121884966,0.5641155466,[Horizons] SMALL BODY #C(500@10)_T(99 Dike) (1/1),SMALL,0
1.824074937,2.190756782,0.2949449896,[Horizons] SMALL BODY #C(500@10)_T(94 Aurora) (1/1),SMALL,0
-3.178776038,0.6614364585,-0.723025949,[Horizons] SMALL BODY #C(500@10)_T(95 Arethusa) (1/1),SMALL,0
0.05674490318,3.09704579,0.4642046662,[Horizons] SMALL BODY #C(500@10)_T(93 Minerva) (1/1),SMALL,0
-3.305652969,-0.8043975534,0.5953277689,[Horizons] SMALL BODY #C(500@10)_T(92 Undina) (1/1),SMALL,0
1.359226374,-2.454191171,-0.0976716439,[Horizons] SMALL BODY #C(500@10)_T(91 Aegina) (1/1),SMALL,0
1.038594854,2.709703644,0.1219927279,[Horizons] SMALL BODY #C(500@10)_T(88 Thisbe) (1/1),SMALL,0
-2.778605594,2.39531758,0.132214953,[Horizons] SMALL BODY #C(500@10)_T(90 Antiope) (1/1),SMALL,0
-2.919743706,-0.2752696444,-0.6847453979,[Horizons] SMALL BODY #C(500@10)_T(89 Julia) (1/1),SMALL,0
-2.155373506,-1.650122253,0.1422813895,[Horizons] SMALL BODY #C(500@10)_T(85 Io) (1/1),SMALL,0
-2.668995449,1.168346576,-0.07350468766,[Horizons] SMALL BODY #C(500@10)_T(84 Klio) (1/1),SMALL,0
0.1866545414,2.60287863,-0.0007659771099,[Horizons] SMALL BODY #C(500@10)_T(86 Semele) (1/1),SMALL,0
-1.370576163,3.407548734,0.4428487657,[Horizons] SMALL BODY #C(500@10)_T(87 Sylvia) (1/1),SMALL,0
-1.083369372,2.108474421,0.2058672458,[Horizons] SMALL BODY #C(500@10)_T(83 Beatrix) (1/1),SMALL,0
3.162289226,-0.7148623059,-0.09894911945,[Horizons] SMALL BODY #C(500@10)_T(82 Alkmene) (1/1),SMALL,0
-2.652532506,0.6095310796,-0.3256039025,[Horizons] SMALL BODY #C(500@10)_T(80 Sappho) (1/1),SMALL,0
1.666524803,-1.696181737,0.1824871633,[Horizons] SMALL BODY #C(500@10)_T(79 Eurynome) (1/1),SMALL,0
-0.601907326,2.314740025,0.3185163664,[Horizons] SMALL BODY #C(500@10)_T(81 Terpsichore) (1/1),SMALL,0
-1.718998015,1.197851719,0.04610266138,[Horizons] SMALL BODY #C(500@10)_T(78 Diana) (1/1),SMALL,0
1.901544242,0.1979378689,0.01919589927,[Horizons] SMALL BODY #C(500@10)_T(75 Eurydike) (1/1),SMALL,0
2.216597782,2.055534572,-0.03560149527,[Horizons] SMALL BODY #C(500@10)_T(76 Freia) (1/1),SMALL,0
2.00741175,1.231213795,0.05038067583,[Horizons] SMALL BODY #C(500@10)_T(77 Frigga) (1/1),SMALL,0
1.649439941,-1.628212229,0.1453233955,[Horizons] SMALL BODY #C(500@10)_T(74 Galatea) (1/1),SMALL,0
-2.275093841,0.8889531733,-0.4044926194,[Horizons] SMALL BODY #C(500@10)_T(71 Niobe) (1/1),SMALL,0
-0.1744410478,-2.7586394,-0.112389911,[Horizons] SMALL BODY #C(500@10)_T(73 Klytia) (1/1),SMALL,0
1.743198863,1.377189236,-0.03782780561,[Horizons] SMALL BODY #C(500@10)_T(72 Feronia) (1/1),SMALL,0
-0.1582465248,2.459781131,-0.3722676549,[Horizons] SMALL BODY #C(500@10)_T(69 Hesperia) (1/1),SMALL,0
0.3159928208,-1.980214423,0.2060431315,[Horizons] SMALL BODY #C(500@10)_T(67 Asia) (1/1),SMALL,0
0.457055854,-2.451667074,-0.2907302519,[Horizons] SMALL BODY #C(500@10)_T(68 Leto) (1/1),SMALL,0
-2.075129722,1.534372269,0.0953468864,[Horizons] SMALL BODY #C(500@10)_T(66 Maja) (1/1),SMALL,0
0.4073674562,2.884838627,0.3365470222,[Horizons] SMALL BODY #C(500@10)_T(70 Panopaea) (1/1),SMALL,0
-0.9359322535,2.506844073,0.1987587905,[Horizons] SMALL BODY #C(500@10)_T(63 Ausonia) (1/1),SMALL,0
1.714504562,-2.609809413,0.003867615445,[Horizons] SMALL BODY #C(500@10)_T(62 Erato) (1/1),SMALL,0
-1.64393832,-2.175379624,-0.06053567525,[Horizons] SMALL BODY #C(500@10)_T(64 Angelina) (1/1),SMALL,0
-3.281544545,-0.1811713404,0.09465361096,[Horizons] SMALL BODY #C(500@10)_T(65 Cybele) (1/1),SMALL,0
-2.102449082,-2.106741678,0.3706716658,[Horizons] SMALL BODY #C(500@10)_T(59 Elpis) (1/1),SMALL,0
0.8434624293,-2.46408716,-0.6023120173,[Horizons] SMALL BODY #C(500@10)_T(61 Danae) (1/1),SMALL,0
-2.126284936,-2.742342564,0.5141035518,[Horizons] SMALL BODY #C(500@10)_T(57 Mnemosyne) (1/1),SMALL,0
2.447493886,-0.331789639,0.0512832241,[Horizons] SMALL BODY #C(500@10)_T(60 Echo) (1/1),SMALL,0
-2.584890021,-0.04238944315,0.07775501909,[Horizons] SMALL BODY #C(500@10)_T(58 Concordia) (1/1),SMALL,0
0.4091366756,2.499002824,0.3003533415,[Horizons] SMALL BODY #C(500@10)_T(55 Pandora) (1/1),SMALL,0
-2.024253539,-1.288487312,0.1136929328,[Horizons] SMALL BODY #C(500@10)_T(56 Melete) (1/1),SMALL,0
2.224335883,1.290911314,0.5231611495,[Horizons] SMALL BODY #C(500@10)_T(54 Alexandra) (1/1),SMALL,0
-1.750988223,-2.353605013,0.265471129,[Horizons] SMALL BODY #C(500@10)_T(53 Kalypso) (1/1),SMALL,0
-2.826122794,-1.77148248,0.103056127,[Horizons] SMALL BODY #C(500@10)_T(50 Virginia) (1/1),SMALL,0
1.275896648,-2.836047124,0.02771490439,[Horizons] SMALL BODY #C(500@10)_T(49 Pales) (1/1),SMALL,0
2.365330441,-0.8492795461,0.1197778357,[Horizons] SMALL BODY #C(500@10)_T(51 Nemausa) (1/1),SMALL,0
2.893263329,0.9729497331,-0.3764942689,[Horizons] SMALL BODY #C(500@10)_T(52 Europa) (1/1),SMALL,0
-3.093420034,-0.833454009,0.07347857973,[Horizons] SMALL BODY #C(500@10)_T(48 Doris) (1/1),SMALL,0
-0.1406079891,-2.720899486,0.1236875144,[Horizons] SMALL BODY #C(500@10)_T(44 Nysa) (1/1),SMALL,0
2.474031591,-1.170641287,-0.03905303003,[Horizons] SMALL BODY #C(500@10)_T(45 Eugenia) (1/1),SMALL,0
-2.14014124,1.846137261,-0.07739822819,[Horizons] SMALL BODY #C(500@10)_T(46 Hestia) (1/1),SMALL,0
0.9736810873,2.812304673,0.2398918865,[Horizons] SMALL BODY #C(500@10)_T(47 Aglaja) (1/1),SMALL,0
-2.366423604,0.04562041972,0.1754446365,[Horizons] SMALL BODY #C(500@10)_T(40 Harmonia) (1/1),SMALL,0
-1.320588853,2.170821182,-0.09169298251,[Horizons] SMALL BODY #C(500@10)_T(43 Ariadne) (1/1),SMALL,0
2.420669832,2.452505185,-0.7160422832,[Horizons] SMALL BODY #C(500@10)_T(41 Daphne) (1/1),SMALL,0
-2.41726359,-0.9395608353,0.3458156082,[Horizons] SMALL BODY #C(500@10)_T(42 Isis) (1/1),SMALL,0
2.450652063,-0.2272159695,-0.1373310811,[Horizons] SMALL BODY #C(500@10)_T(39 Laetitia) (1/1),SMALL,0
-2.529224734,0.1592667,-0.2701685396,[Horizons] SMALL BODY #C(500@10)_T(38 Leda) (1/1),SMALL,0
-1.102545894,2.009097065,0.1143904874,[Horizons] SMALL BODY #C(500@10)_T(37 Fides) (1/1),SMALL,0
1.732178835,0.8137924867,0.2880797009,[Horizons] SMALL BODY #C(500@10)_T(36 Atalante) (1/1),SMALL,0
-2.061632295,-2.940386096,-0.7174533578,[Horizons] SMALL BODY #C(500@10)_T(31 Euphrosyne) (1/1),SMALL,0
1.576145851,1.477628422,0.03977332144,[Horizons] SMALL BODY #C(500@10)_T(33 Polyhymnia) (1/1),SMALL,0
0.3908314741,3.198364765,0.448921001,[Horizons] SMALL BODY #C(500@10)_T(35 Leukothea) (1/1),SMALL,0
1.132398329,-2.321745006,0.241854086,[Horizons] SMALL BODY #C(500@10)_T(32 Pomona) (1/1),SMALL,0
2.667927133,-1.301127325,0.144309373,[Horizons] SMALL BODY #C(500@10)_T(34 Circe) (1/1),SMALL,0
-1.881267437,1.512102647,-0.0209836976,[Horizons] SMALL BODY #C(500@10)_T(30 Urania) (1/1),SMALL,0
0.4519181019,2.398176833,-0.3672041522,[Horizons] SMALL BODY #C(500@10)_T(28 Bellona) (1/1),SMALL,0
1.90383548,1.420486584,0.1639959981,[Horizons] SMALL BODY #C(500@10)_T(29 Amphitrite) (1/1),SMALL,0
-1.689978586,1.185442449,0.04382556185,[Horizons] SMALL BODY #C(500@10)_T(27 Euterpe) (1/1),SMALL,0
2.165125516,1.898571023,-0.0141722524,[Horizons] SMALL BODY #C(500@10)_T(26 Proserpina) (1/1),SMALL,0
-2.806874345,-0.4396782796,0.01693190786,[Horizons] SMALL BODY #C(500@10)_T(24 Themis) (1/1),SMALL,0
-2.560749659,0.8752302328,-0.855863673,[Horizons] SMALL BODY #C(500@10)_T(25 Phocaea) (1/1),SMALL,0
-2.099417623,0.1916458567,0.3577702173,[Horizons] SMALL BODY #C(500@10)_T(23 Thalia) (1/1),SMALL,0
0.1689029454,-2.576770233,0.06297263643,[Horizons] SMALL BODY #C(500@10)_T(19 Fortuna) (1/1),SMALL,0
1.885449567,1.108453746,-0.0902269134,[Horizons] SMALL BODY #C(500@10)_T(21 Lutetia) (1/1),SMALL,0
1.249485475,-2.746966201,-0.5505800438,[Horizons] SMALL BODY #C(500@10)_T(22 Kalliope) (1/1),SMALL,0
0.5715706438,-2.69270624,0.03301775822,[Horizons] SMALL BODY #C(500@10)_T(20 Massalia) (1/1),SMALL,0
2.496992509,-0.6654531811,-0.03626714884,[Horizons] SMALL BODY #C(500@10)_T(16 Psyche) (1/1),SMALL,0
1.725121007,-0.7523196269,-0.03557483388,[Horizons] SMALL BODY #C(500@10)_T(18 Melpomene) (1/1),SMALL,0
-0.1909793539,-2.129306119,0.1363972178,[Horizons] SMALL BODY #C(500@10)_T(17 Thetis) (1/1),SMALL,0
2.170599711,-0.1197426303,0.4062122871,[Horizons] SMALL BODY #C(500@10)_T(15 Eunomia) (1/1),SMALL,0
-2.030843079,1.931837033,-0.4074832089,[Horizons] SMALL BODY #C(500@10)_T(12 Victoria) (1/1),SMALL,0
2.634971663,-0.0216881141,-0.5404292202,[Horizons] SMALL BODY #C(500@10)_T(13 Egeria) (1/1),SMALL,0
2.424776296,1.621417677,-0.3708312714,[Horizons] SMALL BODY #C(500@10)_T(14 Irene) (1/1),SMALL,0
0.9342061304,-2.022764355,0.03362946691,[Horizons] SMALL BODY #C(500@10)_T(11 Parthenope) (1/1),SMALL,0
0.54479319,-2.218691154,0.02904448426,[Horizons] SMALL BODY #C(500@10)_T(8 Flora) (1/1),SMALL,0
1.404235572,3.189080624,0.1403348096,[Horizons] SMALL BODY #C(500@10)_T(10 Hygiea) (1/1),SMALL,0
-1.47793237,-2.503575375,-0.0967005455,[Horizons] SMALL BODY #C(500@10)_T(7 Iris) (1/1),SMALL,0
1.404049773,1.583005495,-0.07229058208,[Horizons] SMALL BODY #C(500@10)_T(9 Metis) (1/1),SMALL,0
1.38956664,2.136259956,-0.2329671378,[Horizons] SMALL BODY #C(500@10)_T(4 Vesta) (1/1),SMALL,0
-0.643601309,2.034949409,-0.1121867021,[Horizons] SMALL BODY #C(500@10)_T(5 Astraea) (1/1),SMALL,0
-2.814807651,0.2597088667,0.4380258915,[Horizons] SMALL BODY #C(500@10)_T(6 Hebe) (1/1),SMALL,0
-2.792575012,0.3003296909,0.04532685596,[Horizons] SMALL BODY #C(500@10)_T(3 Juno) (1/1),SMALL,0
-2.486611824,-0.7168868777,-0.07017694657,[Horizons] SMALL BODY #C(500@10)_T(312 Pierretta) (1/1),SMALL,0
0.8495253637,-2.76863656,-0.2437957901,[Horizons] SMALL BODY #C(500@10)_T(1 Ceres) (1/1),SMALL,0
-0.7584175174,-2.440819815,1.749685956,[Horizons] SMALL BODY #C(500@10)_T(2 Pallas) (1/1),SMALL,0
-1.035642554,-2.327339316,0.04066071775,[Horizons] SMALL BODY #C(500@10)_T(310 Margarita) (1/1),SMALL,0
-1.955477943,1.882259523,0.167656625,[Horizons] SMALL BODY #C(500@10)_T(307 Nike) (1/1),SMALL,0
1.046192493,2.584243867,0.1715557688,[Horizons] SMALL BODY #C(500@10)_T(309 Fraternitas) (1/1),SMALL,0
0.4535293328,-2.867585434,-0.05050885814,[Horizons] SMALL BODY #C(500@10)_T(311 Claudia) (1/1),SMALL,0
0.1017866992,-2.637978624,0.2012361149,[Horizons] SMALL BODY #C(500@10)_T(308 Polyxo) (1/1),SMALL,0
3.211337319,-0.3467152991,0.1392498332,[Horizons] SMALL BODY #C(500@10)_T(305 Gordonia) (1/1),SMALL,0
1.921104004,1.146209601,-0.2666244109,[Horizons] SMALL BODY #C(500@10)_T(306 Unitas) (1/1),SMALL,0
1.873790316,0.5470186456,-0.3353578385,[Horizons] SMALL BODY #C(500@10)_T(304 Olga) (1/1),SMALL,0
-0.4836384498,-3.22044733,-0.3887345946,[Horizons] SMALL BODY #C(500@10)_T(303 Josephina) (1/1),SMALL,0
-1.263268068,-2.352534528,-0.1286954665,[Horizons] SMALL BODY #C(500@10)_T(302 Clarissa) (1/1),SMALL,0
1.186599933,-2.27194679,0.09184255896,[Horizons] SMALL BODY #C(500@10)_T(301 Bavaria) (1/1),SMALL,0
2.378142895,-0.6322194794,-0.1061123205,[Horizons] SMALL BODY #C(500@10)_T(298 Baptistina) (1/1),SMALL,0
-3.364362381,0.3436867855,0.03234594676,[Horizons] SMALL BODY #C(500@10)_T(300 Geraldina) (1/1),SMALL,0
1.921183976,1.2336009,0.03082228261,[Horizons] SMALL BODY #C(500@10)_T(299 Thora) (1/1),SMALL,0
0.9581420262,-2.603553982,-0.2445719364,[Horizons] SMALL BODY #C(500@10)_T(297 Caecilia) (1/1),SMALL,0
1.55761539,2.635411309,-0.3264835827,[Horizons] SMALL BODY #C(500@10)_T(294 Felicia) (1/1),SMALL,0
-2.057549144,1.355826937,0.6848565744,[Horizons] SMALL BODY #C(500@10)_T(293 Brasilia) (1/1),SMALL,0
0.1292685032,-2.234853746,0.03233512594,[Horizons] SMALL BODY #C(500@10)_T(296 Phaetusa) (1/1),SMALL,0
-1.897616592,-2.653879394,-0.1024750062,[Horizons] SMALL BODY #C(500@10)_T(295 Theresia) (1/1),SMALL,0
1.064866551,-2.129930552,-0.6055554458,[Horizons] SMALL BODY #C(500@10)_T(292 Ludovica) (1/1),SMALL,0
-0.2634080428,-2.326549449,0.07421688492,[Horizons] SMALL BODY #C(500@10)_T(291 Alice) (1/1),SMALL,0
1.76645874,-2.155178187,-0.0339327995,[Horizons] SMALL BODY #C(500@10)_T(288 Glauke) (1/1),SMALL,0
0.3592124214,-2.651552718,-1.09716119,[Horizons] SMALL BODY #C(500@10)_T(290 Bruna) (1/1),SMALL,0
2.327689461,0.3135799078,-0.2956673271,[Horizons] SMALL BODY #C(500@10)_T(287 Nephthys) (1/1),SMALL,0
2.306037515,-0.006596575508,0.009946224704,[Horizons] SMALL BODY #C(500@10)_T(289 Nenetta) (1/1),SMALL,0
-0.4006926927,-3.049647308,0.9111173366,[Horizons] SMALL BODY #C(500@10)_T(286 Iclea) (1/1),SMALL,0
-1.72345043,-1.778483786,-0.05753069254,[Horizons] SMALL BODY #C(500@10)_T(281 Lucretia) (1/1),SMALL,0
2.562778374,-0.4324001763,0.2646930189,[Horizons] SMALL BODY #C(500@10)_T(283 Emma) (1/1),SMALL,0
-0.5621434529,-1.82409664,0.08867780299,[Horizons] SMALL BODY #C(500@10)_T(284 Amalia) (1/1),SMALL,0
2.051886747,-1.243244402,-0.02596589206,[Horizons] SMALL BODY #C(500@10)_T(282 Clorinde) (1/1),SMALL,0
2.058158036,-1.319990256,0.2152621334,[Horizons] SMALL BODY #C(500@10)_T(285 Regina) (1/1),SMALL,0
2.651624108,1.02116965,0.07203625618,[Horizons] SMALL BODY #C(500@10)_T(280 Philia) (1/1),SMALL,0
-1.90466195,1.668776338,0.338434321,[Horizons] SMALL BODY #C(500@10)_T(278 Paulina) (1/1),SMALL,0
-3.048382296,0.7000612266,-0.0571473566,[Horizons] SMALL BODY #C(500@10)_T(277 Elvira) (1/1),SMALL,0
2.835936637,-3.389155255,-0.1527659721,[Horizons] SMALL BODY #C(500@10)_T(279 Thule) (1/1),SMALL,0
-2.961807454,-0.551809624,-0.4200073325,[Horizons] SMALL BODY #C(500@10)_T(276 Adelheid) (1/1),SMALL,0
2.039425475,1.24396155,-0.7062679875,[Horizons] SMALL BODY #C(500@10)_T(273 Atropos) (1/1),SMALL,0
3.118311853,0.647739469,-0.2243257109,[Horizons] SMALL BODY #C(500@10)_T(275 Sapientia) (1/1),SMALL,0
-1.174257191,2.830768223,0.06651269312,[Horizons] SMALL BODY #C(500@10)_T(274 Philagoria) (1/1),SMALL,0
1.831965992,-2.169694163,-0.2198364779,[Horizons] SMALL BODY #C(500@10)_T(272 Antonia) (1/1),SMALL,0
-2.349379361,-0.6144346658,-0.08671073055,[Horizons] SMALL BODY #C(500@10)_T(270 Anahita) (1/1),SMALL,0
3.503113304,-0.05161911101,-0.1270379869,[Horizons] SMALL BODY #C(500@10)_T(268 Adorea) (1/1),SMALL,0
-2.992717765,1.050872714,-0.01814001829,[Horizons] SMALL BODY #C(500@10)_T(271 Penthesilea) (1/1),SMALL,0
0.8620924443,2.973870815,-0.2946085668,[Horizons] SMALL BODY #C(500@10)_T(269 Justitia) (1/1),SMALL,0
1.174807918,-1.672410477,-0.4971754152,[Horizons] SMALL BODY #C(500@10)_T(265 Anna) (1/1),SMALL,0
-3.071763717,-0.6063771524,0.3580700522,[Horizons] SMALL BODY #C(500@10)_T(264 Libussa) (1/1),SMALL,0
1.983577741,-1.523291973,0.594819586,[Horizons] SMALL BODY #C(500@10)_T(266 Aline) (1/1),SMALL,0
-1.991283663,2.181142177,0.2652257647,[Horizons] SMALL BODY #C(500@10)_T(267 Tirza) (1/1),SMALL,0
-0.1548103628,2.805858855,-0.05431362657,[Horizons] SMALL BODY #C(500@10)_T(263 Dresda) (1/1),SMALL,0
-2.128747205,-0.09812487342,0.1350856176,[Horizons] SMALL BODY #C(500@10)_T(261 Prymno) (1/1),SMALL,0
0.2866084139,-3.257416724,0.3450568217,[Horizons] SMALL BODY #C(500@10)_T(260 Huberta) (1/1),SMALL,0
-0.6251197279,-2.655440519,0.09138357208,[Horizons] SMALL BODY #C(500@10)_T(259 Aletheia) (1/1),SMALL,0
-0.4614445026,-3.010569487,-0.2790701595,[Horizons] SMALL BODY #C(500@10)_T(262 Valda) (1/1),SMALL,0
1.695520101,-2.807604863,-0.2067794122,[Horizons] SMALL BODY #C(500@10)_T(257 Silesia) (1/1),SMALL,0
-0.5229858109,-1.853456849,-0.1089201826,[Horizons] SMALL BODY #C(500@10)_T(254 Augusta) (1/1),SMALL,0
-0.3742796893,2.799308448,-0.3303836378,[Horizons] SMALL BODY #C(500@10)_T(253 Mathilde) (1/1),SMALL,0
-0.00965479868,3.061809805,-0.7243111132,[Horizons] SMALL BODY #C(500@10)_T(256 Walpurga) (1/1),SMALL,0
-0.9013065691,2.426140422,-0.6555586466,[Horizons] SMALL BODY #C(500@10)_T(258 Tyche) (1/1),SMALL,0
2.811700671,-0.8646108243,0.3279116034,[Horizons] SMALL BODY #C(500@10)_T(252 Clementina) (1/1),SMALL,0
2.760468746,-1.026901904,-0.2745670088,[Horizons] SMALL BODY #C(500@10)_T(255 Oppavia) (1/1),SMALL,0
-1.258337064,-3.086275703,0.6178778547,[Horizons] SMALL BODY #C(500@10)_T(251 Sophia) (1/1),SMALL,0
-0.895594912,2.44313111,-0.1267914787,[Horizons] SMALL BODY #C(500@10)_T(248 Lameia) (1/1),SMALL,0
3.14852877,0.007183867756,-0.2879358727,[Horizons] SMALL BODY #C(500@10)_T(250 Bettina) (1/1),SMALL,0
1.891391221,0.8684123798,0.4031366078,[Horizons] SMALL BODY #C(500@10)_T(247 Eukrate) (1/1),SMALL,0
-2.551622971,-1.284524862,-0.3816229407,[Horizons] SMALL BODY #C(500@10)_T(249 Ilse) (1/1),SMALL,0
-0.1853268294,2.072420488,-0.09456638342,[Horizons] SMALL BODY #C(500@10)_T(244 Sita) (1/1),SMALL,0
2.703966852,-0.09567021145,-0.2044983372,[Horizons] SMALL BODY #C(500@10)_T(246 Asporina) (1/1),SMALL,0
2.83010652,-0.02362604701,0.03273227609,[Horizons] SMALL BODY #C(500@10)_T(243 Ida) (1/1),SMALL,0
3.036038568,-0.1348437474,0.2999956494,[Horizons] SMALL BODY #C(500@10)_T(242 Kriemhild) (1/1),SMALL,0
2.522455282,0.1974376632,-0.1914270326,[Horizons] SMALL BODY #C(500@10)_T(245 Vera) (1/1),SMALL,0
-2.633535848,2.004076492,-0.2526473785,[Horizons] SMALL BODY #C(500@10)_T(241 Germania) (1/1),SMALL,0
1.990392169,0.8602360424,-0.07968390806,[Horizons] SMALL BODY #C(500@10)_T(240 Vanadis) (1/1),SMALL,0
-0.4126863872,2.678973636,-0.5943129705,[Horizons] SMALL BODY #C(500@10)_T(238 Hypatia) (1/1),SMALL,0
0.3035143648,2.930654129,-0.001400269525,[Horizons] SMALL BODY #C(500@10)_T(237 Coelestina) (1/1),SMALL,0
-3.265736174,-0.5950364577,0.03502678161,[Horizons] SMALL BODY #C(500@10)_T(236 Honoria) (1/1),SMALL,0
-3.216275343,0.9094043103,-0.1021470583,[Horizons] SMALL BODY #C(500@10)_T(239 Adrastea) (1/1),SMALL,0
2.734475184,-0.5528672888,-0.4328434191,[Horizons] SMALL BODY #C(500@10)_T(235 Carolina) (1/1),SMALL,0
-2.329213816,2.033751446,0.1447456485,[Horizons] SMALL BODY #C(500@10)_T(231 Vindobona) (1/1),SMALL,0
2.948499309,0.1897024279,-0.1639126087,[Horizons] SMALL BODY #C(500@10)_T(232 Russia) (1/1),SMALL,0
1.285284448,-1.296601557,0.08506595223,[Horizons] SMALL BODY #C(500@10)_T(234 Barbara) (1/1),SMALL,0
1.430719841,2.096036804,-0.08121360888,[Horizons] SMALL BODY #C(500@10)_T(233 Asterope) (1/1),SMALL,0
-0.8861110866,2.186667714,-0.3103478191,[Horizons] SMALL BODY #C(500@10)_T(230 Athamantis) (1/1),SMALL,0
-2.541363491,-0.5053579604,0.6168917512,[Horizons] SMALL BODY #C(500@10)_T(226 Weringia) (1/1),SMALL,0
-2.06639655,-2.802381186,-0.05449483312,[Horizons] SMALL BODY #C(500@10)_T(229 Adelinda) (1/1),SMALL,0
1.663806462,-0.2690278733,0.04546987115,[Horizons] SMALL BODY #C(500@10)_T(228 Agathe) (1/1),SMALL,0
-2.31782653,2.061170892,0.06827471963,[Horizons] SMALL BODY #C(500@10)_T(227 Philosophia) (1/1),SMALL,0
0.8198937505,-3.358556774,-0.09627549965,[Horizons] SMALL BODY #C(500@10)_T(223 Rosa) (1/1),SMALL,0
-2.522957441,-0.7115488384,-0.1046022513,[Horizons] SMALL BODY #C(500@10)_T(224 Oceana) (1/1),SMALL,0
-0.7547199414,3.438549012,0.05000417278,[Horizons] SMALL BODY #C(500@10)_T(222 Lucia) (1/1),SMALL,0
0.8238231758,-2.193410056,0.8907979796,[Horizons] SMALL BODY #C(500@10)_T(225 Henrietta) (1/1),SMALL,0
-0.8198319107,2.51104791,-0.1771412741,[Horizons] SMALL BODY #C(500@10)_T(220 Stephania) (1/1),SMALL,0
-3.446308287,0.4665227308,0.1090339968,[Horizons] SMALL BODY #C(500@10)_T(217 Eudora) (1/1),SMALL,0
2.467670559,-1.078415148,0.1792741719,[Horizons] SMALL BODY #C(500@10)_T(218 Bianca) (1/1),SMALL,0
-0.3002835951,-2.829234452,0.4629270958,[Horizons] SMALL BODY #C(500@10)_T(221 Eos) (1/1),SMALL,0
-2.796106056,-0.3157279193,-0.1340125732,[Horizons] SMALL BODY #C(500@10)_T(219 Thusnelda) (1/1),SMALL,0
2.047416202,2.040186915,-0.3360567214,[Horizons] SMALL BODY #C(500@10)_T(213 Lilaea) (1/1),SMALL,0
-2.222920122,-1.382401781,-0.120219755,[Horizons] SMALL BODY #C(500@10)_T(214 Aschera) (1/1),SMALL,0
-3.211659651,0.1711753059,-0.46540058,[Horizons] SMALL BODY #C(500@10)_T(216 Kleopatra) (1/1),SMALL,0
2.426392658,-1.11832599,-0.05978924615,[Horizons] SMALL BODY #C(500@10)_T(215 Oenone) (1/1),SMALL,0
-1.488396974,2.131081506,0.2390849009,[Horizons] SMALL BODY #C(500@10)_T(210 Isabella) (1/1),SMALL,0
1.25644489,-3.025932497,-0.08530022936,[Horizons] SMALL BODY #C(500@10)_T(212 Medea) (1/1),SMALL,0
1.68572184,2.840196475,0.3547724063,[Horizons] SMALL BODY #C(500@10)_T(209 Dido) (1/1),SMALL,0
-2.638242538,-2.122705091,-0.1621125491,[Horizons] SMALL BODY #C(500@10)_T(211 Isolda) (1/1),SMALL,0
1.451877251,-3.040700857,0.07025668023,[Horizons] SMALL BODY #C(500@10)_T(517 Edith (A903 SK)) (1/1),SMALL,0
-2.777179961,1.126194295,0.4831054204,[Horizons] SMALL BODY #C(500@10)_T(520 Franziska (A903 UK)) (1/1),SMALL,0
-0.2241923349,-2.11278464,0.2170235889,[Horizons] SMALL BODY #C(500@10)_T(518 Halawe (A903 UH)) (1/1),SMALL,0
2.243814597,-0.2400826626,-0.3404071927,[Horizons] SMALL BODY #C(500@10)_T(519 Sylvania (A903 UJ)) (1/1),SMALL,0
-1.86264497,1.60214689,0.09332026732,[Horizons] SMALL BODY #C(500@10)_T(516 Amherstia (A903 SG)) (1/1),SMALL,0
-0.7462312749,2.48907926,-0.01173502426,[Horizons] SMALL BODY #C(500@10)_T(511 Davida (A903 KB)) (1/1),SMALL,0
0.8006932543,2.623805121,-0.4379942348,[Horizons] SMALL BODY #C(500@10)_T(513 Centesima (A903 QD)) (1/1),SMALL,0
2.593264483,0.7250148662,-0.0923680135,[Horizons] SMALL BODY #C(500@10)_T(515 Athalia (A903 SH)) (1/1),SMALL,0
-0.69237534,-2.07156462,0.1952190737,[Horizons] SMALL BODY #C(500@10)_T(512 Taurinensis (A903 MC)) (1/1),SMALL,0
1.141359085,-2.810965826,0.08224771487,[Horizons] SMALL BODY #C(500@10)_T(514 Armida (A903 QC)) (1/1),SMALL,0
-1.511119167,2.704463908,0.709210404,[Horizons] SMALL BODY #C(500@10)_T(508 Princetonia (A903 HC)) (1/1),SMALL,0
-2.430343884,1.935502293,-0.8310461886,[Horizons] SMALL BODY #C(500@10)_T(509 Iolanda (A903 HD)) (1/1),SMALL,0
-1.806569615,2.45850186,-0.4980208836,[Horizons] SMALL BODY #C(500@10)_T(510 Mabella (A903 KA)) (1/1),SMALL,0
-1.231077048,1.878032109,0.1599639289,[Horizons] SMALL BODY #C(500@10)_T(503 Evelyn (A903 BL)) (1/1),SMALL,0
0.02058167145,2.947158923,0.1992248737,[Horizons] SMALL BODY #C(500@10)_T(507 Laodica (A903 DC)) (1/1),SMALL,0
-2.440680199,-2.0521171,0.428675052,[Horizons] SMALL BODY #C(500@10)_T(505 Cava (A902 QA)) (1/1),SMALL,0
2.050585745,0.4841973856,-0.4823859128,[Horizons] SMALL BODY #C(500@10)_T(504 Cora (A902 NB)) (1/1),SMALL,0
-2.575332623,0.9723775877,-0.3741137355,[Horizons] SMALL BODY #C(500@10)_T(506 Marion (A903 DB)) (1/1),SMALL,0
1.876792006,-1.313785591,0.22753453,[Horizons] SMALL BODY #C(500@10)_T(500 Selinur (A903 BJ)) (1/1),SMALL,0
3.638656929,-0.7724467145,0.1358534218,[Horizons] SMALL BODY #C(500@10)_T(499 Venusia (A902 YE)) (1/1),SMALL,0
1.300505948,2.477895581,0.9656220365,[Horizons] SMALL BODY #C(500@10)_T(501 Urhixidur (A903 BK)) (1/1),SMALL,0
2.34841796,0.647739278,-1.008808348,[Horizons] SMALL BODY #C(500@10)_T(502 Sigune (A903 BM)) (1/1),SMALL,0
-0.5730347004,2.806438304,0.03616632117,[Horizons] SMALL BODY #C(500@10)_T(498 Tokio (A902 XA)) (1/1),SMALL,0
-3.399489031,1.009102894,0.1160858003,[Horizons] SMALL BODY #C(500@10)_T(497 Iva (A902 VB)) (1/1),SMALL,0
2.091108353,0.6299275185,0.02718849912,[Horizons] SMALL BODY #C(500@10)_T(496 Gryphia (A902 UM)) (1/1),SMALL,0
2.099336448,-0.9104029586,0.04532171833,[Horizons] SMALL BODY #C(500@10)_T(495 Eulalia (A902 UL)) (1/1),SMALL,0
0.3614734582,-2.766949715,-0.2978616472,[Horizons] SMALL BODY #C(500@10)_T(494 Virtus (A902 TF)) (1/1),SMALL,0
-1.156826659,-3.062084471,0.5054132566,[Horizons] SMALL BODY #C(500@10)_T(490 Veritas (A902 RE)) (1/1),SMALL,0
-3.174479485,-1.209997704,0.4989311257,[Horizons] SMALL BODY #C(500@10)_T(491 Carina (A902 RG)) (1/1),SMALL,0
-1.297344091,2.47474218,0.6541227368,[Horizons] SMALL BODY #C(500@10)_T(493 Griseldis (A902 RH)) (1/1),SMALL,0
-2.02731523,2.865827136,0.09737517736,[Horizons] SMALL BODY #C(500@10)_T(492 Gismonda (A902 RF)) (1/1),SMALL,0
2.56455626,-2.004758993,0.3140617792,[Horizons] SMALL BODY #C(500@10)_T(489 Comacina (A902 RD)) (1/1),SMALL,0
0.6693745398,2.543781844,-0.1675957881,[Horizons] SMALL BODY #C(500@10)_T(486 Cremona (A902 JD)) (1/1),SMALL,0
-1.794284839,1.35897039,-0.4291570331,[Horizons] SMALL BODY #C(500@10)_T(485 Genua (A902 JC)) (1/1),SMALL,0
-0.05355930417,-2.787636763,0.2200631868,[Horizons] SMALL BODY #C(500@10)_T(487 Venetia (A902 NC)) (1/1),SMALL,0
-2.038047424,-2.059843832,0.3709988346,[Horizons] SMALL BODY #C(500@10)_T(488 Kreusa (A902 MC)) (1/1),SMALL,0
3.095411494,1.024675103,-0.4570128044,[Horizons] SMALL BODY #C(500@10)_T(483 Seppina (A902 EJ)) (1/1),SMALL,0
-2.137687839,-1.5304121,0.5832594809,[Horizons] SMALL BODY #C(500@10)_T(484 Pittsburghia (A902 HA)) (1/1),SMALL,0
-1.249764924,2.13976231,0.3458640802,[Horizons] SMALL BODY #C(500@10)_T(481 Emita (A902 CB)) (1/1),SMALL,0
1.096616656,2.989854015,-0.7744920158,[Horizons] SMALL BODY #C(500@10)_T(482 Petrina (A902 EH)) (1/1),SMALL,0
-0.3469174992,2.420125757,-0.62522351,[Horizons] SMALL BODY #C(500@10)_T(480 Hansa (A901 KB)) (1/1),SMALL,0
-1.528476835,2.382427899,-0.1537545831,[Horizons] SMALL BODY #C(500@10)_T(476 Hedwig (A901 QB)) (1/1),SMALL,0
-1.976780703,-2.403688625,-0.0424257217,[Horizons] SMALL BODY #C(500@10)_T(478 Tergeste (A901 SC)) (1/1),SMALL,0
-2.664656968,1.047309299,0.1408732746,[Horizons] SMALL BODY #C(500@10)_T(477 Italia (A901 QC)) (1/1),SMALL,0
-3.024028275,0.09547997636,0.3101848039,[Horizons] SMALL BODY #C(500@10)_T(479 Caprera (A901 VK)) (1/1),SMALL,0
0.4871052529,-2.822881375,-0.5201246604,[Horizons] SMALL BODY #C(500@10)_T(473 Nolli (A901 CB)) (1/1),SMALL,0
2.313286947,0.2565083871,-0.5664480807,[Horizons] SMALL BODY #C(500@10)_T(472 Roma (A901 NA)) (1/1),SMALL,0
-1.456920374,2.569617655,1.01015168,[Horizons] SMALL BODY #C(500@10)_T(475 Ocllo (A901 PA)) (1/1),SMALL,0
1.542526757,-2.26860783,-0.47700596,[Horizons] SMALL BODY #C(500@10)_T(471 Papagena (A901 LA)) (1/1),SMALL,0
-2.027477641,2.154167818,-0.2186462249,[Horizons] SMALL BODY #C(500@10)_T(474 Prudentia (A901 CC)) (1/1),SMALL,0
-2.090771223,-2.10957144,-0.9374465968,[Horizons] SMALL BODY #C(500@10)_T(466 Tisiphone (A901 BB)) (1/1),SMALL,0
-2.596909711,-0.5663454195,-0.3421673534,[Horizons] SMALL BODY #C(500@10)_T(469 Argentina (A901 DC)) (1/1),SMALL,0
-1.661313488,1.677734878,-0.1864086223,[Horizons] SMALL BODY #C(500@10)_T(470 Kilia (A901 HC)) (1/1),SMALL,0
1.004890395,-2.938599032,-0.1923206177,[Horizons] SMALL BODY #C(500@10)_T(467 Laura (A901 AA)) (1/1),SMALL,0
-2.507296921,-2.3790248,-0.009903949979,[Horizons] SMALL BODY #C(500@10)_T(468 Lina (A901 BC)) (1/1),SMALL,0
-2.89079834,-1.465178515,0.5628327156,[Horizons] SMALL BODY #C(500@10)_T(464 Megaira (A901 AB)) (1/1),SMALL,0
0.7841359195,1.900387003,0.2554135878,[Horizons] SMALL BODY #C(500@10)_T(463 Lola (A900 UK)) (1/1),SMALL,0
-3.104179508,-0.2809129826,0.1711648225,[Horizons] SMALL BODY #C(500@10)_T(462 Eriphyla (A900 UJ)) (1/1),SMALL,0
0.6040117116,3.50406709,0.1872081782,[Horizons] SMALL BODY #C(500@10)_T(465 Alekto (A901 AC)) (1/1),SMALL,0
0.5906862954,2.000694451,0.263654603,[Horizons] SMALL BODY #C(500@10)_T(459 Signe (A900 UH)) (1/1),SMALL,0
-1.955365031,-2.167305194,0.09144495616,[Horizons] SMALL BODY #C(500@10)_T(460 Scania (A900 UF)) (1/1),SMALL,0
0.9716377184,-3.43589368,0.07084160787,[Horizons] SMALL BODY #C(500@10)_T(461 Saskia (A900 UG)) (1/1),SMALL,0
2.301220148,-1.281439694,0.600101456,[Horizons] SMALL BODY #C(500@10)_T(457 Alleghenia (A900 RA)) (1/1),SMALL,0
-1.354568027,2.516838031,-0.6873858262,[Horizons] SMALL BODY #C(500@10)_T(456 Abnoba (A900 LA)) (1/1),SMALL,0
2.277557405,0.4853388617,-0.4428544162,[Horizons] SMALL BODY #C(500@10)_T(458 Hercynia (A900 SD)) (1/1),SMALL,0
-1.83982394,-0.7127933038,-0.03153633916,[Horizons] SMALL BODY #C(500@10)_T(453 Tea (A900 DD)) (1/1),SMALL,0
1.298781024,2.533994311,-0.07927167094,[Horizons] SMALL BODY #C(500@10)_T(452 Hamiltonia (A899 XB)) (1/1),SMALL,0
-2.704145253,1.823936286,0.6518766381,[Horizons] SMALL BODY #C(500@10)_T(455 Bruchsalia (A900 KC)) (1/1),SMALL,0
-1.249846736,-2.008089923,-0.1135396093,[Horizons] SMALL BODY #C(500@10)_T(454 Mathesis (A900 FB)) (1/1),SMALL,0
-2.51832318,-1.948805062,0.6789862832,[Horizons] SMALL BODY #C(500@10)_T(451 Patientia (A899 XA)) (1/1),SMALL,0
2.70580884,0.3179396067,-0.06500210022,[Horizons] SMALL BODY #C(500@10)_T(450 Brigitta (A899 VB)) (1/1),SMALL,0
-3.209098679,-1.228399969,0.2182172935,[Horizons] SMALL BODY #C(500@10)_T(448 Natalie (A899 UC)) (1/1),SMALL,0
-1.807435454,-1.68547376,0.0906946695,[Horizons] SMALL BODY #C(500@10)_T(449 Hamburga (A899 UE)) (1/1),SMALL,0
-2.048349594,2.18371744,0.2203392658,[Horizons] SMALL BODY #C(500@10)_T(447 Valentine (A899 UD)) (1/1),SMALL,0
1.255053546,-2.058269738,-0.4440663516,[Horizons] SMALL BODY #C(500@10)_T(446 Aeternitas (A899 UB)) (1/1),SMALL,0
2.158457553,0.7566130795,-0.06861915723,[Horizons] SMALL BODY #C(500@10)_T(443 Photographica (A899 DA)) (1/1),SMALL,0
0.6605075061,2.650068329,0.6263256002,[Horizons] SMALL BODY #C(500@10)_T(445 Edna (A899 TC)) (1/1),SMALL,0
2.242830189,1.089727247,-0.2507264465,[Horizons] SMALL BODY #C(500@10)_T(442 Eichsfeldia (A899 CA)) (1/1),SMALL,0
-1.148030352,-2.531745644,0.3854365408,[Horizons] SMALL BODY #C(500@10)_T(444 Gyptis (A899 FA)) (1/1),SMALL,0
2.580951893,-1.29331414,0.4074331925,[Horizons] SMALL BODY #C(500@10)_T(441 Bathilde (A898 XA)) (1/1),SMALL,0
2.162396883,-0.9591925795,0.04584219433,[Horizons] SMALL BODY #C(500@10)_T(440 Theodora (A898 TB)) (1/1),SMALL,0
0.5896723418,-2.305348034,-0.2527449738,[Horizons] SMALL BODY #C(500@10)_T(438 Zeuxo (A898 VG)) (1/1),SMALL,0
2.737760918,-1.459473424,0.8185671308,[Horizons] SMALL BODY #C(500@10)_T(439 Ohio (A898 TA)) (1/1),SMALL,0
-0.8864026249,-1.501701988,0.6501787562,[Horizons] SMALL BODY #C(500@10)_T(434 Hungaria (A898 RB)) (1/1),SMALL,0
-0.0443310956,-1.966123431,0.02428083798,[Horizons] SMALL BODY #C(500@10)_T(437 Rhodia (A898 OA)) (1/1),SMALL,0
0.9411385359,2.714937637,0.9457019173,[Horizons] SMALL BODY #C(500@10)_T(436 Patricia (A898 RC)) (1/1),SMALL,0
-2.416737014,-1.319409624,-0.00830070568,[Horizons] SMALL BODY #C(500@10)_T(435 Ella (A898 RA)) (1/1),SMALL,0
-1.229443269,-1.631317136,0.2563607043,[Horizons] SMALL BODY #C(500@10)_T(432 Pythia (A897 YC)) (1/1),SMALL,0
0.4768547186,3.175144598,-0.05982718466,[Horizons] SMALL BODY #C(500@10)_T(431 Nephele (A897 YB)) (1/1),SMALL,0
-1.7586011,-3.087131264,-0.1463494203,[Horizons] SMALL BODY #C(500@10)_T(430 Hybris (A897 YA)) (1/1),SMALL,0
0.9259942046,-1.523401711,-0.01788417221,[Horizons] SMALL BODY #C(500@10)_T(433 Eros (A898 PA)) (1/1),SMALL,0
-0.06252127372,-2.679061951,-0.1155003015,[Horizons] SMALL BODY #C(500@10)_T(427 Galene (A897 RB)) (1/1),SMALL,0
1.787124547,-1.034552914,-0.1654463036,[Horizons] SMALL BODY #C(500@10)_T(428 Monachia (A897 WA)) (1/1),SMALL,0
-1.790591638,2.112293172,0.1831920945,[Horizons] SMALL BODY #C(500@10)_T(425 Cornelia (A896 YC)) (1/1),SMALL,0
1.484124565,1.760188051,-0.06667998062,[Horizons] SMALL BODY #C(500@10)_T(429 Lotis (A897 WB)) (1/1),SMALL,0
2.245551155,-2.160874705,0.09195020609,[Horizons] SMALL BODY #C(500@10)_T(426 Hippo (A897 RA)) (1/1),SMALL,0
1.512006404,1.113218078,0.07530001968,[Horizons] SMALL BODY #C(500@10)_T(422 Berolina (A896 TA)) (1/1),SMALL,0
-3.315494284,0.3549825268,-0.364496366,[Horizons] SMALL BODY #C(500@10)_T(420 Bertholda (A896 RC)) (1/1),SMALL,0
2.921758467,0.9127852006,-0.4797166346,[Horizons] SMALL BODY #C(500@10)_T(423 Diotima (A896 XA)) (1/1),SMALL,0
1.946732292,-2.13577605,-0.2286520071,[Horizons] SMALL BODY #C(500@10)_T(424 Gratia (A896 YD)) (1/1),SMALL,0
-3.076609511,-0.6951388901,0.04014408705,[Horizons] SMALL BODY #C(500@10)_T(421 Zahringia (A896 RE)) (1/1),SMALL,0
-1.732918108,2.569283588,-0.2053286966,[Horizons] SMALL BODY #C(500@10)_T(419 Aurelia (A896 RF)) (1/1),SMALL,0
3.155564581,-0.2213906905,0.1471328592,[Horizons] SMALL BODY #C(500@10)_T(417 Suevia (A896 JB)) (1/1),SMALL,0
-2.872649895,-0.1271203502,-0.3147975033,[Horizons] SMALL BODY #C(500@10)_T(418 Alemannia (A896 RD)) (1/1),SMALL,0